id,Domain,Status,Attractiveness,Demand,Length,Registrar,Created,Expires
12ea6a4e-5181-4c16-833d-92ca8f52700f,environmental.ac,available,84,13,13,,,
ac40fd55-5bb8-43f7-8801-73a615b34274,environmental.accountant,available,84,13,13,,,
bcd24856-1cba-4ac3-a0ac-b7e450b43dc0,environmental.accountants,available,84,13,13,,,
41af466d-525d-4c75-9eaf-b4aff3cb946c,environmental.actor,available,84,13,13,,,
96d7a76b-75f9-4949-a226-f54d61644173,environmental.adult,available,84,13,13,,,
4528da51-5d5b-4ea8-8e38-995da71f040a,environmental.ag,available,84,13,13,,,
077c328d-910c-4d4e-83b7-8910327a573e,environmental.agency,premium,84,13,13,,,
73322e8d-5c70-4f53-bc20-5bbbf87e6654,environmental.ai,sold,84,13,13,"NameCheap, Inc.",01/08/2025 21:24,01/08/2027 21:24
93ee6c19-bd02-4990-bc63-77bafc8ef076,environmental.airforce,available,84,13,13,,,
4a41684d-5926-4d2d-90e9-b4b33e3f50f3,environmental.apartments,available,84,13,13,,,
b9147cb3-0d32-49b1-afe3-af2ed9345c99,environmental.archi,available,84,13,13,,,
739e7e57-8e5b-476c-a524-e75c2ccb090b,environmental.army,available,84,13,13,,,
b1c48f1c-c197-401e-b23a-99de046e528c,environmental.at,resell,84,13,13,EWBCD GmbH ( https://nic.at/registrar/750 ),,
6205e6b2-5f14-43fd-945b-ebc1cbf1c246,environmental.audio,available,84,13,13,,,
effa5d7d-c4b8-4c48-81c4-cb605f2bab8c,environmental.auto,available,84,13,13,,,
ab8924bd-67cc-400f-b7ac-197d59ccf554,environmental.autos,available,84,13,13,,,
67f3b1f6-0409-4cee-bcc1-005d0e4e7fdb,environmental.baby,available,84,13,13,,,
3414367a-1ded-4489-9b86-787df966943a,environmental.band,available,84,13,13,,,
99eb07be-5052-4488-89a1-61ad22c81743,environmental.bar,premium,84,13,13,,,
7bd4e3c0-32f6-435a-8d1c-27a30d90cce3,environmental.bargains,available,84,13,13,,,
5f6639cc-ec48-433c-8204-d767011833c2,environmental.bayern,available,84,13,13,,,
1a9bb788-a252-46b0-9d6d-5e930d6d7e76,environmental.beauty,available,84,13,13,,,
06c5d87f-6858-4d67-aebb-0b6978e32997,environmental.beer,available,84,13,13,,,
5bc603ef-19f1-4444-8ea8-37a2e5952e9a,environmental.berlin,available,84,13,13,,,
c5534c4f-d2a8-4eb2-b051-0261f3343e58,environmental.best,available,84,13,13,,,
2cacfb13-57c1-40af-935f-b5dcbcf5fa70,environmental.bet,available,84,13,13,,,
df2bd340-af52-4129-8ed9-6f817a72f036,environmental.bid,available,84,13,13,,,
b275a5b7-efe2-4ca9-9f85-84d7314285eb,environmental.bike,available,84,13,13,,,
ba5ca19d-ec88-4ef6-8994-288758b3ba68,environmental.bingo,available,84,13,13,,,
c089cfbf-8ae7-48e3-b65b-f451a7e65739,environmental.bio,available,84,13,13,,,
8fe14d8f-cb9c-4cc0-ac3e-78d05850fa72,environmental.biz,premium,84,13,13,,,
957b94c2-a25b-41a5-b14d-5c0760ff4c7a,environmental.black,available,84,13,13,,,
f599258b-d306-4305-a745-8565a5d0cc7c,environmental.blackfriday,available,84,13,13,,,
846dbfee-dab6-4c19-806f-006e8c2310e9,environmental.blog,premium,84,13,13,,,
3ec22162-973a-427e-8395-6c19a37a89d9,environmental.blue,available,84,13,13,,,
e8a8c84f-3931-4a22-adce-5da2c0cd0aa5,environmental.boats,available,84,13,13,,,
4046b816-238b-492c-ad7f-e8e3c2b9632e,environmental.boo,premium,84,13,13,,,
4d9b1a8e-fefe-4310-9407-22541c1098f3,environmental.boston,available,84,13,13,,,
03442756-91b2-4895-a639-d419163b8062,environmental.bot,available,84,13,13,,,
3956faba-c07c-42b1-8a8f-df2901bc0823,environmental.boutique,available,84,13,13,,,
631eceae-4a57-49f6-a0b3-9f014208429a,environmental.build,premium,84,13,13,,,
f5a06abb-fe66-42f2-807c-2d4dc3ef56fc,environmental.business,premium,84,13,13,,,
62d1e780-5bb8-4e4c-b2fc-c49589a286c7,environmental.buzz,available,84,13,13,,,
68bed1d1-d30e-4258-818b-93247dcd6393,environmental.ca,expiring,84,13,13,Namespro Solutions Inc.,06/01/2016 20:39,06/01/2026 20:39
211c0cfa-602e-42d3-b520-0fac15346350,environmental.cab,available,84,13,13,,,
b816a28d-8d12-48ae-bfeb-b680cb562a0b,environmental.cafe,available,84,13,13,,,
e2f054e6-c535-46af-b62c-b406a737ce53,environmental.cam,resell,84,13,13,Realtime Register B.V.,31/07/2023 16:31,31/07/2026 23:59
7fb5aff2-581a-481c-8286-ac908c4b9161,environmental.camera,available,84,13,13,,,
6a4ee8fd-aeaa-4433-a92e-b38cb3b94ab6,environmental.camp,available,84,13,13,,,
bbbe020c-b2e8-41cc-bb81-94fbb4b104aa,environmental.capital,premium,84,13,13,,,
2024437d-1d25-4eb4-8750-ac4dde043cad,environmental.car,available,84,13,13,,,
8a4fdc8a-97ff-410c-a094-9f387f585b6a,environmental.cards,available,84,13,13,,,
4d148cba-3de6-4caa-89a1-6503c9ad3e54,environmental.care,resell,84,13,13,GoDaddy Online Services Cayman Islands Ltd.,09/04/2017 19:19,09/04/2027 19:19
caa6481a-9474-4ec4-9aa7-d7483a641dca,environmental.cars,available,84,13,13,,,
00ceadbf-806a-4454-a321-495af98c7d83,environmental.casa,available,84,13,13,,,
29204787-5953-4dd6-9516-dab7a8fda4ad,environmental.cash,available,84,13,13,,,
d63afd79-e515-4069-a777-8087fe1c63b0,environmental.casino,available,84,13,13,,,
e7d86b44-006e-44bf-ae80-28dcb64c7d09,environmental.catering,available,84,13,13,,,
2526c552-8286-4c7f-99a0-e6237d30d0df,environmental.center,premium,84,13,13,,,
aacd2f85-0330-4c8c-a82f-5e193ff8e1b4,environmental.ceo,available,84,13,13,,,
e1dd7304-4a57-4351-b344-bf044c19bec8,environmental.cfd,premium,84,13,13,,,
0c6838a1-0c4a-4efc-b487-d09dea00778a,environmental.charity,premium,84,13,13,,,
1ac759b8-ee5d-479a-9a36-23bc8057f990,environmental.chat,available,84,13,13,,,
3cd1c898-128e-4334-830e-b47d1802c3f7,environmental.cheap,available,84,13,13,,,
f63bb69e-9a38-42e0-ab35-0a9f3aca5e6d,environmental.christmas,available,84,13,13,,,
6224ac86-6b73-44cb-b07d-056d03db6edc,environmental.church,available,84,13,13,,,
14c4252a-f702-4cae-8f1e-f24b82bf8570,environmental.city,available,84,13,13,,,
7411e5c8-0095-4937-a36a-a67bc58c3642,environmental.claims,available,84,13,13,,,
ee42f951-bef1-4bab-88cf-1bee6cfe9f55,environmental.cleaning,available,84,13,13,,,
d1a6785a-9810-4d99-af76-f7e2a30732c0,environmental.click,premium,84,13,13,,,
0403fe0a-2acb-4a6a-960c-67c6ff4531da,environmental.clinic,available,84,13,13,,,
e979954d-2ac3-4132-9bf3-5f3ced88ac73,environmental.clothing,available,84,13,13,,,
610acd5e-83c4-4a07-8e24-88c4b23ac619,environmental.club,premium,84,13,13,,,
794d47a6-0f60-4727-97bf-a2d8b35fb87b,environmental.co,sold,84,13,13,"GoDaddy.com, LLC",20/07/2010 18:00,19/07/2026 23:59
33545b89-f72a-4893-9a28-6055e9c7b662,environmental.coach,available,84,13,13,,,
938b2a48-1b56-48f1-b281-f7948c16bd1a,environmental.codes,available,84,13,13,,,
e7cea323-b4fa-44bc-8fe3-58ba17dbe609,environmental.coffee,available,84,13,13,,,
80bc0261-9d21-46eb-b064-ec0e9917fe8c,environmental.college,available,84,13,13,,,
b939882f-34c6-49aa-a25e-b05cb0d3b39d,environmental.community,available,84,13,13,,,
da732f64-d8ba-4f2a-9247-2c3e2bdad5b7,environmental.computer,available,84,13,13,,,
5af97f9c-78fa-4cad-b9b5-7ee3b3a5c013,environmental.condos,available,84,13,13,,,
4c241e2b-c6f5-41ac-b8ca-c71523046ed7,environmental.construction,available,84,13,13,,,
a8338199-8c6c-40de-9444-eda7fe72c075,environmental.contact,available,84,13,13,,,
d4093d43-226b-4216-8711-6fd2259a7cb9,environmental.cooking,available,84,13,13,,,
44edf9c2-5c57-47d6-bce7-3e2226ada69e,environmental.cool,available,84,13,13,,,
bc4a14dd-abf1-4b85-8b0a-85c86fa1b886,environmental.country,available,84,13,13,,,
eb60048f-aa1d-4c7f-9cdf-197ac5ef39ff,environmental.coupons,available,84,13,13,,,
0e9b88f3-0644-4984-9f15-39ba1a1707a0,environmental.courses,resell,84,13,13,"NameCheap, Inc.",07/02/2024 14:17,07/02/2026 14:17
46832a0a-b2f5-4515-a9a3-c97f62187167,environmental.credit,available,84,13,13,,,
8d1941b6-d555-4162-b036-247df6afac78,environmental.creditcard,available,84,13,13,,,
481b9766-85e0-4d77-b1d0-f270eba7aa67,environmental.cricket,premium,84,13,13,,,
cd801fa8-3708-464f-b205-9622c4574f0d,environmental.cruises,available,84,13,13,,,
ec2df2c5-63b2-4f6d-bf72-24216a08e27c,environmental.cv,available,84,13,13,,,
b6b20617-26a3-4a70-be9f-6fb84c9b1cdd,environmental.cx,available,84,13,13,,,
ce923755-ebe4-4b32-9cfa-52a1196c84c0,environmental.cyou,premium,84,13,13,,,
918363ad-c5bd-4820-91e4-93b36cb7bef8,environmental.dad,premium,84,13,13,,,
cd682c19-264a-40e5-bf21-2913cfa255a2,environmental.dance,available,84,13,13,,,
9b9d52c2-bb63-4e9b-88da-cf632ba54e03,environmental.date,premium,84,13,13,,,
a96bec81-e330-4a48-9c1c-49abf2f33ffc,environmental.dating,available,84,13,13,,,
0e0a650e-c493-427f-94e0-99ad557fcec3,environmental.day,premium,84,13,13,,,
d9ad7676-0cc7-4edb-8e12-f7f643527472,environmental.deal,premium,84,13,13,,,
2e2fc0aa-f929-4ea0-b032-d25b87586c0d,environmental.dealer,premium,84,13,13,,,
19e9cd83-a28e-4acf-a454-39020cdd5790,environmental.deals,available,84,13,13,,,
31ad3eee-0f00-4da0-98ed-a00c1bd7f900,environmental.degree,available,84,13,13,,,
c95c1056-3da6-4902-be45-5564f143ce06,environmental.delivery,available,84,13,13,,,
180287a9-97b8-4f25-90ee-e3d7b9f105ac,environmental.democrat,available,84,13,13,,,
ada0a65e-3385-4950-b7db-7503412bb72d,environmental.dental,available,84,13,13,,,
4ce08609-53bc-4afd-85d9-8fab41e391cf,environmental.dentist,premium,84,13,13,,,
96ac0f61-684f-4edf-98b7-0be55a7be4b6,environmental.design,premium,84,13,13,,,
64e961ac-c9ad-4c44-9933-2270e7d43057,environmental.dev,premium,84,13,13,,,
3ae109a4-2190-4550-92fd-5c6b1892a57f,environmental.diamonds,available,84,13,13,,,
9d8dd567-0d81-47aa-b559-040d615b1f3d,environmental.diet,available,84,13,13,,,
9e2e812b-e3c8-4d05-be84-db466ad2a976,environmental.digital,resell,84,13,13,"Sav.com, LLC",14/09/2025 07:05,14/09/2026 07:05
7a3dd015-8041-4270-a1f9-3b973f31585e,environmental.direct,available,84,13,13,,,
b62269c3-f806-4ebb-aff0-96911ae74caa,environmental.directory,premium,84,13,13,,,
b4647a03-c468-4a79-815e-fb7e49456fd1,environmental.discount,available,84,13,13,,,
6158dc36-4ab6-4337-b9c7-808d3aed4286,environmental.diy,premium,84,13,13,,,
b0cd1969-fa31-4cb6-8b56-e03d134b8b39,environmental.doctor,available,84,13,13,,,
c557e553-19bd-481b-9b19-98a094b7e946,environmental.dog,available,84,13,13,,,
1591b833-6eb3-4163-891c-0b1217855275,environmental.domains,available,84,13,13,,,
1984f681-48b0-4bc3-808e-08cd993974b7,environmental.download,premium,84,13,13,,,
2e35d908-aa2d-4286-8d5e-574f6b752d1c,environmental.earth,expired,84,13,13,"GoDaddy.com, LLC",05/12/2021 08:10,05/12/2025 08:10
c4dad925-49c5-4f37-83ce-b75b59e2e122,environmental.email,available,84,13,13,,,
95f0d039-9ee2-48f9-8d63-3d9def9ae0fa,environmental.engineer,premium,84,13,13,,,
aa1e9144-2761-4b12-aa49-860c05f58b49,environmental.enterprises,available,84,13,13,,,
76d8a170-b8e2-4454-a97f-901227c8fc7c,environmental.equipment,available,84,13,13,,,
d3ca8744-c5f5-479f-8b7a-496e7e0e3b65,environmental.esq,premium,84,13,13,,,
299b73f3-3cf9-452c-8865-f0aac194e64f,environmental.estate,available,84,13,13,,,
0c0fb696-0ac1-4228-a1e0-1f77455b2f57,environmental.events,premium,84,13,13,,,
b14983ef-5f9c-4017-8952-e4b694a2a2aa,environmental.expert,premium,84,13,13,,,
44257520-9646-46cc-b639-6db43e91be5c,environmental.exposed,available,84,13,13,,,
bdc26bdb-ccbc-447a-9ac9-40aff73eb7bf,environmental.express,available,84,13,13,,,
ecf61be6-431e-43e4-81f5-f694904781e1,environmental.fail,available,84,13,13,,,
009ea80b-c548-4eaf-aef9-6b0b827101d4,environmental.family,premium,84,13,13,,,
7a486117-6983-4a7e-871f-47dcc9b3bdb9,environmental.fan,available,84,13,13,,,
6100068d-1cc4-4f4f-bc5b-b0f696a6bffe,environmental.fans,premium,84,13,13,,,
891bd563-9c26-44b9-97da-c6074bcde6e2,environmental.farm,available,84,13,13,,,
8a2a98a3-90b9-4ba0-9c7e-5109dcee8abc,environmental.fashion,available,84,13,13,,,
8da9884a-d61d-4cc2-9238-ae6ee66e7039,environmental.fast,premium,84,13,13,,,
db59044f-e6f6-4905-b706-b3191b19d43a,environmental.film,available,84,13,13,,,
08d68c69-d52d-4ad8-bd29-8f052288c53b,environmental.financial,available,84,13,13,,,
53332b77-9855-45a5-822e-c2f3244e2d91,environmental.fish,available,84,13,13,,,
2bfbbdd9-8617-46e2-b391-2f6c1869ea6d,environmental.fishing,available,84,13,13,,,
d1d0720b-9bbd-4f02-9ab0-0bf88edad045,environmental.fit,available,84,13,13,,,
706626a4-4a7e-431f-8576-b2d09e50054e,environmental.fitness,available,84,13,13,,,
eeeedbe1-9d5a-4031-98d3-2636446ba563,environmental.flights,available,84,13,13,,,
921bf16f-d477-4a1a-bff5-2f8ff54eb734,environmental.florist,available,84,13,13,,,
f4bdc507-7bc9-4d45-8111-282b6ffee1ed,environmental.flowers,available,84,13,13,,,
b900ac45-136c-403f-a387-a03b17982930,environmental.fm,available,84,13,13,,,
e3d3994f-e7cb-4510-bfda-2daf91acfeae,environmental.foo,premium,84,13,13,,,
31c9fb93-7fc8-440f-a162-1951028bfdf4,environmental.food,premium,84,13,13,,,
4c840b39-c5a2-4156-8334-426fd115c5a8,environmental.football,available,84,13,13,,,
bffcb737-d8f0-4b3f-8205-43c66763abb3,environmental.forsale,premium,84,13,13,,,
34d17d24-50a5-497e-8d12-af291f35d2d2,environmental.forum,available,84,13,13,,,
dbf7defa-db10-4995-a512-b4d3c1ef82b6,environmental.free,premium,84,13,13,,,
e2b953f9-b5aa-47f9-a1be-6d090fecc6cc,environmental.fun,premium,84,13,13,,,
d8086ac0-c468-4e1a-88a6-d06c03e6a5c5,environmental.furniture,available,84,13,13,,,
74500a56-de34-4b47-b33f-78e58de613dd,environmental.futbol,available,84,13,13,,,
a942719e-1b31-401d-bd3e-b78d5c7c3eef,environmental.fyi,premium,84,13,13,,,
cdda174e-894a-4011-9be9-e56f1ccc9374,environmental.gallery,available,84,13,13,,,
6b154fbb-af2a-47df-ba27-279378d1d201,environmental.game,available,84,13,13,,,
f5196668-1a10-4fb0-96e1-15430cdf2f7a,environmental.games,premium,84,13,13,,,
d6d99f49-e2bb-4ad9-9b1e-c0d1a868fc27,environmental.garden,premium,84,13,13,,,
b312188e-7684-446a-bd01-cfb1faaea0bb,environmental.gay,available,84,13,13,,,
7bdd6e9a-8ffd-49db-8e17-fcc0f6082810,environmental.gg,available,84,13,13,,,
bd3a92fb-ea2a-4991-9abe-7f08537ec58d,environmental.gift,available,84,13,13,,,
8a99d4c0-4f81-4505-bf94-50ceb1ed86d5,environmental.gifts,available,84,13,13,,,
529e43f4-b454-4cb5-bb12-1cc8b0384557,environmental.gives,available,84,13,13,,,
156273a6-1175-4c7c-9e3c-e480ecba8b46,environmental.giving,available,84,13,13,,,
f8dcfacf-d291-4a8f-85c9-8410aa17804c,environmental.glass,available,84,13,13,,,
662108c8-edcb-4e90-9b19-e1dea2fc70b2,environmental.gmbh,available,84,13,13,,,
33b97f5d-26e7-4b56-b3fc-105dbf151565,environmental.gold,available,84,13,13,,,
172383ca-6652-4926-9ece-13fe28c300e5,environmental.golf,available,84,13,13,,,
29bfcdc1-6fb6-46b7-bc4a-d44f2e20b941,environmental.gratis,available,84,13,13,,,
115b8267-15e4-418a-a99a-7e28a01e6b83,environmental.green,premium,84,13,13,,,
f9cea4f4-a57e-4a48-8efb-e2d8ab827484,environmental.gripe,available,84,13,13,,,
a5ea4729-10d4-4dcb-ac13-b6a90e7764f5,environmental.guide,available,84,13,13,,,
d71d319f-a191-4223-a1a7-f0d6bb04615a,environmental.guitars,available,84,13,13,,,
1a618f7f-df85-47bc-8498-63f41b8a7170,environmental.guru,available,84,13,13,,,
26438543-d05e-4857-8cc3-35c43aca19b6,environmental.hair,available,84,13,13,,,
d778a8e1-4681-4f14-bd85-3ba47e65c985,environmental.haus,available,84,13,13,,,
0a6e3f1c-fb5e-4734-9029-e7e3028b8af0,environmental.health,premium,84,13,13,,,
e380808d-2e81-4148-a27c-c0a586b53fb4,environmental.healthcare,available,84,13,13,,,
3b65603d-3c49-48a9-8412-3d142ed00aa0,environmental.hiphop,available,84,13,13,,,
e0a6993f-b096-4afd-b912-1a7436cb0921,environmental.hiv,available,84,13,13,,,
a7900746-0b4b-4694-b15f-2f74fd6c27ee,environmental.hockey,available,84,13,13,,,
a99aeec8-eee0-4da4-bf47-8433c8325509,environmental.holdings,available,84,13,13,,,
7c5945f9-f014-49b8-a587-dc2b95999aca,environmental.holiday,available,84,13,13,,,
8e7b21b7-b7d1-4130-852e-a557fe452207,environmental.homes,resell,84,13,13,Alibaba Cloud Computing Ltd. d/b/a HiChina (www.net.cn),17/04/2025 12:42,17/04/2026 23:59
a401286c-d7e9-4746-af52-fbb8a57d3bc4,environmental.horse,available,84,13,13,,,
46472af3-e02e-4acc-b6ad-c7bae25818f7,environmental.hospital,available,84,13,13,,,
4f64e378-461e-4979-a28d-d89c731eb7ea,environmental.host,available,84,13,13,,,
9d8a8b16-1c1e-434a-993e-3c2dac8b8c40,environmental.hosting,available,84,13,13,,,
39e9249d-38c3-420f-ae1a-47f921545a0a,environmental.hot,premium,84,13,13,,,
d0a02667-8ed5-4308-affb-afcf224292f8,environmental.house,available,84,13,13,,,
f6c17b5a-9fc0-4c75-9ba4-4fbb26072241,environmental.how,available,84,13,13,,,
45131b29-755a-46f9-8758-73a6ac5675cb,environmental.icu,available,84,13,13,,,
ec87b0eb-26a8-432a-80b6-15d160489dec,environmental.id,premium,84,13,13,,,
e10d89e8-a630-4de8-8aa4-6ad5000646b2,environmental.im,premium,84,13,13,,,
e177cd94-dd59-441a-a95c-8078330bbd28,environmental.immo,available,84,13,13,,,
a6dc6133-068f-429d-b902-8112f6283127,environmental.immobilien,available,84,13,13,,,
e8790cf0-4480-4b4b-950f-69a4d2d4aef6,environmental.inc,premium,84,13,13,,,
316faa40-d5ea-47af-8f36-759685e2423b,environmental.industries,premium,84,13,13,,,
92c5af1b-5f52-46a7-96d9-3914e4ce6588,environmental.ing,premium,84,13,13,,,
1e6e1f47-d641-4373-94a5-32c1b59a1e9c,environmental.ink,available,84,13,13,,,
f5835f0e-029a-462a-9b5a-10d3b1388f40,environmental.insure,available,84,13,13,,,
cd4ed751-6d38-4561-ba37-7eb0a44632b2,environmental.international,available,84,13,13,,,
f4c33f89-6895-428b-87ec-b435413563c0,environmental.investments,available,84,13,13,,,
c1cd0c1b-346b-4359-ba05-22c521fa7dc0,environmental.io,resell,84,13,13,"GoDaddy.com, LLC",16/10/2017 19:20,16/10/2026 19:20
f3048dbd-4686-4281-85b2-28085dfc3bc2,environmental.irish,available,84,13,13,,,
e4a076ce-79b5-4055-baec-1ae114f082f4,environmental.it,resell,84,13,13,,03/05/2023 09:00,03/05/2026 00:00
e07d20b5-50ea-468c-8343-958cfe8b0d1e,environmental.jetzt,available,84,13,13,,,
87dd4c18-63f2-4b4b-8b4a-bd2bffebd179,environmental.jewelry,available,84,13,13,,,
259266bf-4641-4129-9cb7-7de79e042c4a,environmental.juegos,available,84,13,13,,,
b97efae2-d346-4a6b-b7f6-3fd65fd982c3,environmental.kaufen,available,84,13,13,,,
73030abf-2eee-47ad-9d19-224294b3c91d,environmental.kids,available,84,13,13,,,
318b094e-31cd-4427-801f-c302d336bbc3,environmental.kim,available,84,13,13,,,
ff9b9cfc-7215-43be-872e-3b4ce5be64e7,environmental.kitchen,available,84,13,13,,,
ef73b9fc-efc6-4832-a277-3ce6257b2c13,environmental.land,available,84,13,13,,,
49702f37-cbf8-4d63-9cfe-122833f22a20,environmental.lat,available,84,13,13,,,
7f60d605-3a60-40d9-a7b1-5c494c52d036,environmental.lease,available,84,13,13,,,
2726d158-27ce-4eda-ba48-8aa74ade5d1f,environmental.lgbt,available,84,13,13,,,
1876a54f-4570-4fad-8846-8d6d603f744f,environmental.life,resell,84,13,13,Xin Net Technology Corporation,23/02/2022 13:15,23/02/2026 13:15
eeef73c2-45ef-4717-b268-3a2a24383d42,environmental.lifestyle,premium,84,13,13,,,
2835b09f-b47d-4e8b-8545-2ea46f0b530a,environmental.lighting,available,84,13,13,,,
fe094d75-e5ce-451a-ac35-ade3cbaad145,environmental.limited,available,84,13,13,,,
cedd38de-080a-4bef-b84b-454128aae63b,environmental.limo,available,84,13,13,,,
16a89628-bb26-4570-944e-84b1e1fa3e1f,environmental.link,premium,84,13,13,,,
ec1307b6-d68f-4fbc-a322-16ef0e4deea1,environmental.live,premium,84,13,13,,,
755a33a1-d838-4ffc-bb93-90569096ca9f,environmental.living,premium,84,13,13,,,
90828ac8-61fa-451d-b18f-8504ee90b848,environmental.llc,premium,84,13,13,,,
f61c1851-9652-4f05-a249-a98a0da99cf8,environmental.loan,premium,84,13,13,,,
9c800474-4be1-4186-8c31-13372cdac627,environmental.loans,available,84,13,13,,,
6cf6558f-435a-4566-8c5f-dcdb69c6efa0,environmental.locker,available,84,13,13,,,
ea58c76e-f61f-452a-a134-342d53276dc4,environmental.lol,available,84,13,13,,,
02927e18-d0b1-4d81-a885-b8eb5dc8d9a7,environmental.london,available,84,13,13,,,
b60fdd84-f71c-4d6e-aebc-25c2bf4197e3,environmental.love,available,84,13,13,,,
c8bdd26a-54f9-4127-8e98-e4ce79974ff4,environmental.ltd,premium,84,13,13,,,
bcb6a709-6451-403d-abfb-cba59787b51b,environmental.ltda,premium,84,13,13,,,
cc3bc5ea-6819-461f-931e-10bc55f48fdc,environmental.luxe,available,84,13,13,,,
dd4229e3-c338-4545-8771-e55971da05e4,environmental.luxury,available,84,13,13,,,
43c6f5ca-fc35-44a6-99fa-ef50b90aaefb,environmental.maison,available,84,13,13,,,
e0713b82-941a-44f0-b226-c9dbeaaaeb38,environmental.makeup,available,84,13,13,,,
df0203a1-596c-4064-924b-192dafc66d67,environmental.market,premium,84,13,13,,,
6d72700c-c47e-45c0-857a-a2007a18a436,environmental.mba,premium,84,13,13,,,
a2be68d0-22d1-4852-bae3-56c318a8748f,environmental.me,resell,84,13,13,"Sav.com, LLC - 25",04/12/2024 17:00,04/12/2026 17:00
a3903a44-314b-4ef6-98d0-73bf7d7f3ef2,environmental.melbourne,available,84,13,13,,,
28ea2344-ecc4-426e-af02-9b5a5fa896eb,environmental.meme,premium,84,13,13,,,
b811ee55-8f1c-41cc-989f-bd2822acdea4,environmental.memorial,available,84,13,13,,,
b6c77f24-a76b-40b3-87e3-c404aaac768d,environmental.men,premium,84,13,13,,,
0304a6d9-5021-475a-9150-6ce9e3759a61,environmental.menu,premium,84,13,13,,,
9645cd24-7b09-4356-9d8a-6c5ad965a0f7,environmental.mobi,available,84,13,13,,,
807df332-340b-4b54-bc6e-0149a2c4ab4a,environmental.moda,available,84,13,13,,,
fedbf0cd-3b9c-47c7-b0f5-4ae3379955d5,environmental.moe,premium,84,13,13,,,
a8509105-c80c-4f02-8c05-c12d5502efa3,environmental.mom,available,84,13,13,,,
7b6d4f93-665a-4226-a232-d681b7851042,environmental.money,available,84,13,13,,,
268f7dd7-66ed-443f-af04-82dea7800f07,environmental.monster,available,84,13,13,,,
20cc85f8-0a57-4b3f-a700-ef72517f4911,environmental.mortgage,available,84,13,13,,,
e83d36a3-d13e-4fed-8e3e-e17bdbeb57f0,environmental.motorcycles,available,84,13,13,,,
367c0d6d-0160-4016-b789-7b89ed4a18ba,environmental.mov,premium,84,13,13,,,
05113bbf-4182-4424-a171-ba2fb43855cd,environmental.movie,available,84,13,13,,,
37cd4a4b-1bd4-44b5-b884-82711fa4ac11,environmental.music,premium,84,13,13,,,
e2d0d040-e0b0-45c3-a124-08aa0f5cb03c,environmental.my,available,84,13,13,,,
d7c15275-222b-49b4-a304-99cca85c0f6c,environmental.name,available,84,13,13,,,
7d57ad77-f020-4b29-8bf8-58a16c4a9611,environmental.navy,available,84,13,13,,,
2c6822eb-e1f2-474e-b347-fee5a432c31f,environmental.network,premium,84,13,13,,,
134ab8e8-0b0c-4448-84cd-d3d24668a9a8,environmental.news,premium,84,13,13,,,
9d91195c-fec7-4b6a-a76f-035ddbe29d73,environmental.nexus,premium,84,13,13,,,
2f728906-7cee-4f1d-9341-8ccb03680200,environmental.ninja,available,84,13,13,,,
e5a46e17-f0ae-47fe-a9b3-62ef325a8bf8,environmental.now,premium,84,13,13,,,
bd3b21fc-48f6-45d9-8663-c33bef852525,environmental.nyc,premium,84,13,13,,,
780d1dd7-5eb6-43ea-950e-13dd84c56fb7,environmental.observer,premium,84,13,13,,,
35c0460c-c4f4-42ec-ad2e-d88abdeddadb,environmental.one,premium,84,13,13,,,
20e409a2-e7ce-45ef-80fe-1cca3b254c8f,environmental.onl,available,84,13,13,,,
d1f0e0c1-a71c-4ace-ba7c-f1b0178dccb5,environmental.online,premium,84,13,13,,,
18091bb1-7751-43c3-b69f-bd3784718c50,environmental.ooo,available,84,13,13,,,
6ec7e2fe-1823-47ce-8834-28e187c2d721,environmental.org,resell,84,13,13,"GoDaddy.com, LLC",06/08/1997 04:00,05/08/2032 04:00
961e0dad-48a2-4434-8c86-0eb96b102f73,environmental.organic,available,84,13,13,,,
ed9a1c30-83e7-4eb7-b166-35a9015fd5ca,environmental.osaka,available,84,13,13,,,
f5cff68d-76d4-4884-8a89-54f8afb0b4af,environmental.page,premium,84,13,13,,,
bba11600-38a3-4d05-be9f-e1c1f21e671d,environmental.partners,available,84,13,13,,,
d6b04e5d-e6e0-4a5b-9aa0-95031ce43a6a,environmental.parts,available,84,13,13,,,
c06ead60-3761-42c8-9766-7af58b14b1f9,environmental.party,premium,84,13,13,,,
122d3532-dce1-46a7-a4f2-6faf795cc5d7,environmental.pet,available,84,13,13,,,
93b918b7-5106-4cf7-9a86-d314743e26db,environmental.phd,premium,84,13,13,,,
3b279095-f170-4c2b-915e-91e9d8bb880a,environmental.photo,resell,84,13,13,"Spaceship, Inc.",15/04/2014 16:00,15/04/2026 16:00
047331bd-0372-4cd1-847c-34969229ecfd,environmental.photography,available,84,13,13,,,
bf8112d8-a2c0-41d3-a8cd-78019a164515,environmental.photos,resell,84,13,13,"Spaceship, Inc.",05/03/2014 16:00,05/03/2026 16:00
7f0e2d24-f646-4ec5-84a7-83ddd1f4bc69,environmental.pics,resell,84,13,13,"Spaceship, Inc.",15/04/2014 16:04,15/04/2026 23:59
e2987102-3c02-4a60-b96d-76ac592ff760,environmental.pictures,resell,84,13,13,"Spaceship, Inc.",23/07/2014 16:00,23/07/2026 16:00
8520f63a-6736-4a74-bad1-fef42dc221b3,environmental.pink,available,84,13,13,,,
851009ee-471e-45fb-a065-7313eb3615a1,environmental.pizza,available,84,13,13,,,
a5d5e870-f693-4231-9832-5dafc2e76541,environmental.place,available,84,13,13,,,
82046edc-6f52-437c-95cf-44d24adadead,environmental.plumbing,available,84,13,13,,,
c83a7ef6-e8f4-44a1-9c31-bcf1341153b8,environmental.plus,resell,84,13,13,"Chengdu West Dimension Digital Technology Co., Ltd.",18/06/2019 23:20,18/06/2026 23:20
8e6259f8-b893-4057-91aa-32d26312dfe1,environmental.poker,available,84,13,13,,,
1fa77322-506b-4d2a-932b-89acdd9da8a4,environmental.porn,available,84,13,13,,,
12069904-4a7d-4bf1-967a-32f9abac9436,environmental.press,available,84,13,13,,,
4b6d41bb-9de0-44a9-8d52-ea6a86f8b628,environmental.productions,available,84,13,13,,,
b6f59335-5cab-41eb-a34d-eb2141dc50a1,environmental.prof,premium,84,13,13,,,
1fd62a14-e21d-4ecb-8a52-782f1968f2c8,environmental.promo,available,84,13,13,,,
dc6e4a99-804d-4762-ae69-68b9142e68c2,environmental.properties,available,84,13,13,,,
06de9a7e-2eac-4f25-b6b3-c04f07b56ff5,environmental.property,premium,84,13,13,,,
7a8672c4-11da-4ecf-b057-f51a1607cfc2,environmental.protection,available,84,13,13,,,
dd3eef44-732d-44ff-8587-710cded76c90,environmental.pub,available,84,13,13,,,
15248bb0-1112-4043-a6d4-09e20047dad9,environmental.pw,premium,84,13,13,,,
7939e9e6-16d2-4053-af0a-dd2c7d6d17e6,environmental.qpon,available,84,13,13,,,
4a09e796-1424-44e1-8dfa-57f519c8c824,environmental.quest,available,84,13,13,,,
672392b9-e91e-4c59-b15a-5acddf429243,environmental.racing,premium,84,13,13,,,
01e1ad24-75d1-4599-b479-eb55e72dc6d3,environmental.realty,available,84,13,13,,,
4741777c-6182-4b6d-9da1-99463768bee3,environmental.recipes,available,84,13,13,,,
8726a4bd-a00e-4fcc-97fa-738774222568,environmental.red,available,84,13,13,,,
80057dbe-eb19-40fb-be2a-7c957b12df6f,environmental.rehab,available,84,13,13,,,
ad4574a8-04b6-44fd-907c-7490bb0ac54e,environmental.reise,available,84,13,13,,,
e858b6ed-327c-4290-8093-2ecff7e7f88d,environmental.reisen,available,84,13,13,,,
0bff289a-db9d-4f11-a5ad-4ff5070470c6,environmental.rent,available,84,13,13,,,
ea52fad7-5d05-41a6-875c-ba7ca5a28dff,environmental.repair,available,84,13,13,,,
cb6f29f4-2927-4b14-a405-f8e33bd5ce18,environmental.report,premium,84,13,13,,,
66f44d4e-b0cb-417f-9005-503a73b9ca58,environmental.republican,available,84,13,13,,,
d7777135-f3c2-41dc-9c07-7a584e8348ba,environmental.rest,available,84,13,13,,,
a3c04f7e-1dfd-4c11-8c9c-bffdf3dfadaa,environmental.restaurant,available,84,13,13,,,
2bba52e3-6b64-4547-b2ba-0f72037c1bf2,environmental.review,premium,84,13,13,,,
d4f14cdd-df8b-401c-87c4-42263cbfcde1,environmental.reviews,premium,84,13,13,,,
84630ca6-f165-4799-9965-be52f1f5ab00,environmental.rich,available,84,13,13,,,
65fda6b1-8f0e-4981-9627-0984e21aa23b,environmental.rip,available,84,13,13,,,
6ca1bfbf-549a-4243-8f9b-2d2df08ada5c,environmental.rocks,available,84,13,13,,,
63c7d4ed-8278-4d6b-aa14-65760f51423a,environmental.rodeo,available,84,13,13,,,
b4bd586b-d7d0-435d-9d6e-25cefa6810a6,environmental.rsvp,premium,84,13,13,,,
b5f7e1dc-1493-4cef-b523-90bfca01cf60,environmental.run,available,84,13,13,,,
71c03972-c26c-456c-9fc9-7a95040b4399,environmental.sale,premium,84,13,13,,,
22832a8b-6733-4daa-b8bb-673c5ec5c723,environmental.salon,available,84,13,13,,,
cffd317c-36bc-43f5-b223-eb0ca7c99cc0,environmental.sarl,available,84,13,13,,,
6d37674e-f516-4c92-909d-52cc79581c79,environmental.sbs,premium,84,13,13,,,
bd2ab241-16fc-4be3-acb2-d225e124af3f,environmental.school,premium,84,13,13,,,
d1a8b3cc-57af-4e39-8ee4-c54aecde2f7d,environmental.schule,available,84,13,13,,,
412db7e5-01c2-49c6-b494-c5647dc4ddf6,environmental.security,available,84,13,13,,,
8ce8fc97-e141-4f08-9826-1250a3d97617,environmental.services,premium,84,13,13,,,
b15e3b28-e62b-469b-8fb2-74dfd277e0ff,environmental.sexy,available,84,13,13,,,
e956ec6c-0662-49a2-a01f-582188e0600f,environmental.sh,available,84,13,13,,,
5c85be19-ec5b-4e6f-a583-d37291723032,environmental.shiksha,available,84,13,13,,,
8814354a-01fc-4f06-b482-c575f26bea1e,environmental.shoes,available,84,13,13,,,
eeb31da9-928e-4018-a616-ead1e6cb7586,environmental.shopping,available,84,13,13,,,
f2ddff67-79a5-4db0-a80a-32ece2112c1e,environmental.show,available,84,13,13,,,
c3d3cea6-43c7-476f-b539-ffca7f9e1539,environmental.singles,available,84,13,13,,,
3624ff74-0cbe-4d15-91b2-59a6460276ea,environmental.site,premium,84,13,13,,,
2ad69dd3-2072-4a99-b871-cc7b82bdfb8a,environmental.ski,available,84,13,13,,,
acf06c0b-1817-4db9-9a8d-9e6bc6e472b2,environmental.skin,available,84,13,13,,,
3f6d6c8e-4c94-4340-b525-2664f0ff6ea6,environmental.so,available,84,13,13,,,
d84cef8b-9f27-474d-80df-b9acaa633e65,environmental.soccer,available,84,13,13,,,
8a48e513-841c-4b13-b862-d22f24d0d8b5,environmental.social,premium,84,13,13,,,
b6f3a5bb-595c-4959-aabf-3a5084f4036b,environmental.software,premium,84,13,13,,,
5a87e85e-af76-477a-bd31-1fcbd6ba7651,environmental.solar,available,84,13,13,,,
fc2bda04-28c5-4ef9-9e1a-49b1fa1beca0,environmental.soy,premium,84,13,13,,,
541d68c5-824d-418f-9291-27148beb973c,environmental.space,premium,84,13,13,,,
1ba29816-6b99-42dc-a190-324551a95200,environmental.spot,premium,84,13,13,,,
20e90f8c-36ea-4b0b-b185-dcb399151bd6,environmental.srl,available,84,13,13,,,
2cb39545-b36e-4b76-8441-5e7cd554a675,environmental.storage,available,84,13,13,,,
673667ab-a6ac-41fc-8964-ba913a242bfa,environmental.store,premium,84,13,13,,,
4d09a8ac-51bb-4446-a2dd-93d0ece87025,environmental.stream,premium,84,13,13,,,
6dbb05c0-64d0-430e-b0da-42e2df9cf934,environmental.studio,available,84,13,13,,,
7c5aa3a7-126f-4a47-9ec7-05b8fbb88677,environmental.study,premium,84,13,13,,,
d014d19c-9a47-4413-964d-fac0a68daf41,environmental.style,available,84,13,13,,,
fa13e722-183b-4b15-88ce-3a8551a7bd8c,environmental.sucks,available,84,13,13,,,
fc8839e5-cdf4-43c5-b49f-b04af8fa13e4,environmental.supplies,available,84,13,13,,,
c222f4bb-9c05-4a8a-bf0b-1193214ca566,environmental.supply,available,84,13,13,,,
44438fd0-8855-4cc8-8863-cab2fdca92ad,environmental.surf,available,84,13,13,,,
53b25183-9193-42ba-a9de-9c1c08562a1e,environmental.surgery,available,84,13,13,,,
2d8f0f74-f3ee-41d3-82cb-0471d1bcf7a1,environmental.sydney,available,84,13,13,,,
a695c78e-cb28-4fa2-983b-1edc9aedd9ea,environmental.talk,premium,84,13,13,,,
17b9813c-cc41-4efb-a92d-cb9cd3583f5b,environmental.tattoo,available,84,13,13,,,
34b3f39b-3dcb-4e7c-b547-ccc433a674ee,environmental.tax,premium,84,13,13,,,
a199a5f7-c1f4-4edd-8fb4-9636f9002a20,environmental.taxi,available,84,13,13,,,
6466db52-02a6-450d-ba28-99129fc77383,environmental.team,available,84,13,13,,,
32a175bc-98e9-4eba-8376-6f04610c8d54,environmental.tech,premium,84,13,13,,,
1ec7e84a-bc47-486a-bc91-dba7eae86236,environmental.technology,premium,84,13,13,,,
76f9eb87-598b-4185-a763-1ac14270ad57,environmental.tel,available,84,13,13,,,
a9138d55-e08c-4fa0-aa57-81383e72bf77,environmental.tennis,available,84,13,13,,,
a22076b0-6138-41e2-a41c-dca2c7b53a41,environmental.theater,available,84,13,13,,,
833a964c-e0fd-4550-a1c1-f690b5c47569,environmental.theatre,available,84,13,13,,,
6f064fa4-b3aa-4911-859c-2c1c620db24c,environmental.tickets,available,84,13,13,,,
7ecd6212-4605-4076-a06f-484b236d26b1,environmental.tienda,available,84,13,13,,,
81add9d4-f534-4ab6-bb03-12e90e6e2e2a,environmental.tires,available,84,13,13,,,
fb5bce75-62ab-4272-808a-fd199d0f0f06,environmental.tools,available,84,13,13,,,
a9fd94fb-9feb-441b-8215-d459a5fa9725,environmental.top,available,84,13,13,,,
d1fd4b21-ad36-4409-8f27-7df50904bc26,environmental.tours,resell,84,13,13,"NameCheap, Inc.",07/02/2024 14:17,07/02/2026 14:17
82d9edb3-7b7d-4446-8381-d65861a9901b,environmental.town,available,84,13,13,,,
e11b96f3-1263-45ea-b29e-e2174c7072d0,environmental.toys,available,84,13,13,,,
96c67208-1610-478d-be17-fcf8379acc7e,environmental.training,available,84,13,13,,,
8e1cf226-f7e9-4dfe-b1f8-32c9bd41ae2a,environmental.travel,available,84,13,13,,,
c082c993-4dc2-414e-9a1e-cf65caa57cf7,environmental.tube,available,84,13,13,,,
d518f9e4-ad0d-409c-a0ac-78bff7666c83,environmental.tv,resell,84,13,13,"GoDaddy.com, LLC",18/03/2010 17:40,18/03/2026 17:40
07c1a9fa-0e5d-4d3c-ba54-d562cd2e1c8b,environmental.uno,premium,84,13,13,,,
43b646c1-61a2-4711-b98f-dd4f24f48ffa,environmental.vacations,available,84,13,13,,,
22d36b16-3a29-48ee-ab40-2375d363177f,environmental.vana,available,84,13,13,,,
ac8dd3bd-a5b3-4046-b81a-f7ca51b11d18,environmental.vc,resell,84,13,13,Dynadot Inc,03/11/2021 01:08,03/11/2026 01:08
0481795f-5f85-407e-8efc-6a1ec024c24e,environmental.vegas,available,84,13,13,,,
fba958b1-691e-4880-9f95-78d8741774ae,environmental.ventures,available,84,13,13,,,
4d94f606-0f09-4fc4-8ca8-a8e8052c1c9c,environmental.vet,available,84,13,13,,,
807874ef-7924-4381-b3f4-9cdfbb20e1d8,environmental.viajes,available,84,13,13,,,
8f90ff4a-01d6-4caf-ad5a-b6c8d08d4753,environmental.video,available,84,13,13,,,
bab1e89a-71c8-4669-9745-889e30cd93f2,environmental.villas,available,84,13,13,,,
91d5f826-b143-4e8c-810a-16a273c330af,environmental.vin,available,84,13,13,,,
630f40b7-16a7-4522-b2a2-befa6964cabe,environmental.vip,premium,84,13,13,,,
bb1da04f-d93f-4ce9-8172-f89914ee8559,environmental.vision,premium,84,13,13,,,
1687d9a4-9b1a-4cff-94ec-f3eebcc61a9b,environmental.vodka,available,84,13,13,,,
f1d940c9-510b-4d87-8184-756090bf43e8,environmental.vote,available,84,13,13,,,
05c4335b-ead8-49c0-affe-c3b385c44cdf,environmental.voting,available,84,13,13,,,
5adbfc06-ad90-4fec-859a-f39aaa5ceb80,environmental.voto,available,84,13,13,,,
ee46b9bc-16ab-42a1-9dea-44fbe0232581,environmental.voyage,available,84,13,13,,,
6e7d659f-70fc-47a6-a934-fa99e40ff41c,environmental.watch,available,84,13,13,,,
328826a7-5723-48cb-ae28-628be1bea121,environmental.webcam,available,84,13,13,,,
b121ff5c-0f5a-47e0-b9fd-68a47cbd3eb8,environmental.wedding,available,84,13,13,,,
86ae8196-b189-49ce-99a6-dd619c2b91af,environmental.wiki,available,84,13,13,,,
d263529c-77fc-40da-b56e-020d7c4944db,environmental.win,premium,84,13,13,,,
a46407dc-d8de-4334-83b4-4e87f8cb7fdd,environmental.wine,available,84,13,13,,,
77fdfb84-eba0-45c7-a0e7-07529d52bad9,environmental.work,premium,84,13,13,,,
36bcec67-f8b1-4d3f-8163-227f93d7cd46,environmental.works,available,84,13,13,,,
dd236dd5-f301-4d26-b1b8-f298e0e73b58,environmental.world,resell,84,13,13,"DNSPod, Inc.",23/06/2024 15:15,23/06/2026 15:15
68af48da-81fd-4cf2-8631-74d3e8e73ba4,environmental.wtf,available,84,13,13,,,
fdcd322b-50c6-473e-911f-1136f555d272,environmental.yachts,available,84,13,13,,,
cbd1e9c7-bf53-42d5-b3b8-71e46bb63f41,environmental.yoga,available,84,13,13,,,
2be8b0c7-d141-4b3f-91b9-e0f691753f6b,environmental.you,premium,84,13,13,,,
293a1ec8-9bcd-41a3-8e0f-7ee4cbba5cd4,environmental.zip,premium,84,13,13,,,
c5a32fc7-25c9-4840-b3a2-4e72b75fb153,environmental.zone,available,84,13,13,,,
834abffe-c2db-4a04-b2f3-0124107a9533,greenbuilding.ai,expiring,76,88,14,"GoDaddy.com, LLC",02/08/2023 02:54,02/08/2025 02:54
b329dae8-2e24-46a9-81d9-006044081e11,greenbuilding.app,premium,76,88,14,,,
7dc814e8-c615-46f6-9137-271f14e74bf1,greenbuilding.at,premium,76,88,14,,,
9bd55a9f-5b70-47fe-a4e2-db6d95108f2b,greenbuilding.com,resell,76,88,14,"Network Solutions, LLC",18/02/1997 05:00,19/02/2026 05:00
2f237104-52d1-4147-b798-87efe9de1e92,greenbuilding.expert,available,76,88,14,,,
ad1251dd-2c68-42bd-b942-abf6a4a94998,greenbuilding.gg,available,76,88,14,,,
5a06faaa-c5c0-4bd9-884a-20c9586a3fb5,greenbuilding.ninja,available,76,88,14,,,
2cb98788-4a3a-42ea-8712-7176b8baec87,greenbuilding.org,resell,76,88,14,OVH sas,12/12/2002 17:04,12/12/2029 17:04
74b3ef3e-a993-433e-945e-19c066ee7b2a,greenbuilding.so,available,76,88,14,,,
0d8bc892-7698-490a-9b0e-583abe4ed87a,sustainability.at,available,,44,14,,,
b8ea6c7a-9e41-432c-b94e-375ad7363c7a,sustainability.co,resell,,44,14,"GoDaddy.com, LLC",08/11/2017 18:08,07/11/2025 23:59
8540322f-9856-45a3-83c5-ebac45e5eb23,sustainability.com,expiring,,44,14,"CSC Corporate Domains, Inc.",02/08/1995 04:00,01/08/2025 04:00
8bc142c2-43b1-4251-a11e-e9c85dcd8c76,sustainability.gg,available,,44,14,,,
7076d186-8839-4379-8b2f-94e7a87bfec4,sustainability.it,resell,,44,14,,31/10/2011 12:09,14/11/2025 00:00
34b95d87-47fb-417b-b267-0b14a7736d11,sustainability.net,resell,,44,14,"NameCheap, Inc.",22/08/1998 04:00,21/08/2025 04:00
189039f7-51cf-47de-8d37-933862cdeea0,sustainability.ninja,available,,44,14,,,
65caeaea-7a05-4ebb-819b-fe4a62632abd,sustainability.pro,resell,,44,14,Registrar of Domain Names REG.RU LLC,30/10/2018 10:45,30/10/2025 10:45
301bc59d-3f9d-43aa-9cf8-c702ed1de4d1,sustainability.site,premium,,44,14,,,
b777e586-849b-4188-95db-15d0800dc95c,sustainability.so,available,,44,14,,,
3bff3786-5735-4df4-8a11-a11aa87828c4,sustainability.space,premium,,44,14,,,
38e9f5a3-24d3-4ad9-b5f9-4ce13d978211,sustainability.store,premium,,44,14,,,
20ce72a6-d88c-4f80-9ad5-4599ef3b5d77,sustainability.us,resell,,44,14,Go China Domains Inc,02/07/2008 18:04,01/07/2026 23:59
b9195c69-ef26-435b-acc4-0e05961b02ec,sustainability.zone,resell,,44,14,"GoDaddy.com, LLC",10/06/2023 18:11,10/06/2026 18:11
d1c93acf-98c2-48ea-9e5d-601317a1dc6a,services.black,resell,72,24,8,"Xiamen ChinaSource Internet Service Co., Ltd",05/07/2025 15:15,05/07/2026 15:15
1d7d6cba-6ddd-4514-94a7-c1934feded62,services.blackfriday,available,72,24,8,,,
f8d0d261-e90a-4e02-9e11-369028085973,services.blog,premium,72,24,8,,,
dd074743-83ec-476c-8634-619a9699f9de,services.blue,resell,72,24,8,"Spaceship, Inc.",01/06/2024 17:00,01/06/2026 17:00
8214a618-b5b7-49ed-a83b-5b2500674406,services.boats,premium,72,24,8,,,
b5cfdead-848c-442f-ab86-0cca2ceb1522,services.boo,premium,72,24,8,,,
ddd34243-54c7-44d1-9962-5e33fdb64c61,services.boston,expired,72,24,8,"GoDaddy.com, LLC",24/10/2017 16:43,24/10/2025 16:43
bd61a896-2d2a-47b0-a11f-e9416b62d51c,services.bot,premium,72,24,8,,,
9e45132a-43af-4da9-add9-b5120b316234,services.build,premium,72,24,8,,,
6b42bf96-3564-4ef4-a48e-1a25d71d2613,services.builders,premium,72,24,8,,,
a2107a97-eb9b-48e6-b777-6b72c3ca3469,services.business,expiring,72,24,8,"GoDaddy.com, LLC",18/12/2024 23:16,18/12/2025 23:16
aa9284f8-76c9-44fa-8379-8cfaaca4f5c3,services.buzz,premium,72,24,8,,,
13ebdbe2-6fb9-4020-aca5-bd2db6ceda2c,services.cab,available,72,24,8,,,
5199d781-bd30-46b9-9300-cf49e7eaad61,services.cafe,expiring,72,24,8,"Chengdu West Dimension Digital Technology Co., Ltd.",09/12/2023 15:15,09/12/2025 15:15
9a3fb5eb-7681-4d76-9662-e9f04f8c3870,services.cam,resell,72,24,8,"Spaceship, Inc.",08/12/2024 23:27,08/12/2026 23:59
d269a984-a9a8-4dcf-b562-c47302f5f05e,services.camera,available,72,24,8,,,
4a897a8b-4ff8-49cf-8fea-7e3d51b82922,services.camp,available,72,24,8,,,
8fd3e30c-1a99-4bd3-8e31-0d203ee483e8,services.car,available,72,24,8,,,
f62fb451-e628-4dd8-b897-64180451902d,services.cards,premium,72,24,8,,,
5c0c3c2f-f39a-4256-8655-0d85b8fd4979,services.care,premium,72,24,8,,,
53284fa6-86a9-43d2-bfef-f74b557c6ec2,services.careers,premium,72,24,8,,,
4c8ebeec-bec8-4590-9d42-9bfe43727bbc,services.cars,available,72,24,8,,,
5960fdb7-d9e5-480e-beb6-432bbb34baba,services.casino,available,72,24,8,,,
0b6b2afc-5638-4da5-b87d-31a430f626d7,services.catering,premium,72,24,8,,,
a78ce308-6480-4b15-9a49-54a8c1e8cd2b,services.ceo,expiring,72,24,8,OVH,06/01/2024 06:11,06/01/2026 23:59
ef4e2858-2c96-4c60-a9b0-13462ccc1155,services.cfd,premium,72,24,8,,,
fa8921ef-cce0-488e-bcd2-7db8803ba0c8,services.charity,available,72,24,8,,,
2cbb1ee0-dcff-49a4-a5ca-64405b5aaa15,services.chat,resell,72,24,8,Dynadot Inc,19/06/2025 08:12,19/06/2026 08:12
02c25b86-c55f-4adf-b5b2-bfa75c27070f,services.cheap,premium,72,24,8,,,
46917261-55b9-463d-b60a-ce0f98aac75d,services.christmas,premium,72,24,8,,,
242dbc3b-76e8-49ea-9d4b-d32a7950331c,services.claims,available,72,24,8,,,
91cc1b37-758e-40a5-85e9-686deccc3ffd,services.click,expired,72,24,8,NAMECHEAP,27/10/2023 02:38,27/10/2025 02:38
44ab0c67-60c3-4d75-95c9-6f129994d699,services.clothing,available,72,24,8,,,
4a85e913-c8a6-4708-90dc-f736d27e9a21,services.cloud,premium,72,24,8,,,
307dab41-8efa-44f7-ac41-8a1b513042f7,services.club,resell,72,24,8,"Spaceship, Inc.",18/12/2023 00:00,18/12/2026 00:00
022913c9-7fd9-4de1-be91-1ca8236fa9bd,services.co,resell,72,24,8,Hello Internet Corp.,25/02/2010 00:55,24/02/2026 23:59
b5233991-8aca-4501-98dd-e1141db44430,services.coach,resell,72,24,8,"GoDaddy.com, LLC",26/01/2019 12:13,26/01/2026 12:13
702f8f5c-9504-4fc9-871f-ba4096f7da29,services.codes,expiring,72,24,8,OVH SAS,06/01/2024 06:11,06/01/2026 06:11
c202cbc5-2c9e-4c91-b9db-ab07ebbfd1c0,services.college,premium,72,24,8,,,
0f38b784-3c95-42dd-b99f-2d99b915fce8,services.computer,premium,72,24,8,,,
d478bc00-1a3f-4738-92ad-f9f6357c0d50,services.construction,resell,72,24,8,"Sav.com, LLC",31/07/2025 21:56,31/07/2026 21:56
dcf319ea-ffd9-4c1b-8d5b-793c339ae347,services.consulting,premium,72,24,8,,,
2ad8f918-932e-430e-92bc-ea49277be336,services.cooking,available,72,24,8,,,
e66d985f-4550-4b9e-a670-26480153a393,services.country,available,72,24,8,,,
d786c6a1-4d9d-4fe8-9a22-3ddee4718b38,services.courses,premium,72,24,8,,,
803cc480-0cb9-4257-b3e7-740680ddd80d,services.credit,available,72,24,8,,,
53c0ecf8-4b30-4c55-a5d7-3d91351834d2,services.cricket,premium,72,24,8,,,
cda24125-fb69-45f9-bac2-fd730b97db64,services.cruises,available,72,24,8,,,
a762922e-225d-4148-bc49-aa0e9d237cd9,services.cx,resell,72,24,8,West263 International Limited,04/06/2025 00:00,04/06/2026 15:50
83ccd5ef-0c7e-4b28-bae3-30e26aa4fa2d,services.cyou,resell,72,24,8,Dynadot LLC,14/07/2025 13:05,14/07/2026 23:59
e1ea9d6b-8599-4c76-8400-413c0127d7d4,services.dad,premium,72,24,8,,,
f31be3c8-32df-40c3-8457-d60dfe952df7,services.dance,available,72,24,8,,,
b021995a-e9f7-4105-a448-d0e3ac61fe1b,services.date,premium,72,24,8,,,
a288d94d-f3c9-4f46-a1fb-a596b44fbb24,services.dating,premium,72,24,8,,,
ba841d96-f6f4-46df-aaff-c92f289dd5ab,services.day,premium,72,24,8,,,
b47c3188-3ceb-43a0-a294-4ee6f8942104,services.deal,premium,72,24,8,,,
6f610135-2cb3-4b6d-bccb-340ba55cf2ed,services.dealer,premium,72,24,8,,,
8fb9b078-be2f-4b67-92cd-41d94b4fa47d,services.deals,premium,72,24,8,,,
daaf7b18-4873-4e34-b8bd-1e5bba5f9708,services.degree,premium,72,24,8,,,
076f1f45-02bf-46c3-8a8f-84a694fb6e75,services.democrat,available,72,24,8,,,
fb8a4f3b-a92c-40b7-8c2b-3e5c478e2d7a,services.dentist,premium,72,24,8,,,
023ae0a2-dbc9-44c4-9811-b435b2b012f2,services.diamonds,available,72,24,8,,,
b8013e1d-254a-4e22-97a8-5ac556f1a5d8,services.diet,available,72,24,8,,,
afb9f77c-bd03-4d59-a2be-12b225f260df,services.digital,resell,72,24,8,"NameCheap, Inc.",13/09/2025 15:15,13/09/2026 15:15
84728526-805a-4fde-b559-46ee68c2bf3f,services.directory,expiring,72,24,8,"NameSilo, LLC",12/12/2020 10:39,12/12/2025 10:39
084375db-02b0-48ec-95a5-e260efc53e71,services.discount,premium,72,24,8,,,
f80acfb1-04a5-43e2-85b4-602e7b02c5ae,services.diy,premium,72,24,8,,,
625db559-fdf7-4f58-b8fc-df3a5440e441,services.doctor,resell,72,24,8,"Spaceship, Inc.",04/10/2025 16:26,04/10/2026 16:26
9774d6f3-8edd-4818-9054-a132ae6ac078,services.dog,premium,72,24,8,,,
3b7b65cb-d1fe-40ad-884d-51c3aa954a90,services.download,premium,72,24,8,,,
62e34d52-33a6-4e92-b45b-5619f25c4885,services.email,premium,72,24,8,,,
87db70f7-ecd3-45e0-b2f7-03cc7297730b,services.engineer,available,72,24,8,,,
486696ad-c186-471c-9f53-9e877fd94c40,services.engineering,available,72,24,8,,,
44d7b8cc-c2d3-46b9-a477-c993e5b6b7ad,services.enterprises,available,72,24,8,,,
0d50a2b6-ced6-456d-915b-fe254a5b1639,services.equipment,premium,72,24,8,,,
6796b265-941c-47a9-b08c-3c8fc6e0d8d4,services.esq,premium,72,24,8,,,
5e6a644b-07fd-4150-8377-265bc94ce68f,services.expert,resell,72,24,8,"Sav.com, LLC - 31",03/12/2025 15:15,03/12/2026 15:15
b915f569-f464-4e67-9bac-5827fd02050e,services.exposed,premium,72,24,8,,,
a0708324-e6b3-46dc-a52c-3bef759d7cfb,services.express,resell,72,24,8,"Sav.com, LLC - 34",06/08/2025 15:16,06/08/2026 15:16
6a39c9e1-e353-4df1-8d60-e1e5a169fc13,services.faith,premium,72,24,8,,,
f99c0de5-745d-4ea7-baa2-629dcb0cd19e,services.family,premium,72,24,8,,,
90fbae58-15d2-4a45-9f52-d5cd62107466,services.fan,premium,72,24,8,,,
f3a550b0-fc46-478a-8a28-cbbcb73b6f73,services.fans,premium,72,24,8,,,
f620e0fe-7918-468b-8277-c3db0d4db17b,services.fashion,premium,72,24,8,,,
5642176c-db70-4719-93bf-d4618c11644d,services.fast,premium,72,24,8,,,
4fb8f739-3c33-445b-a77e-50da931b8f82,services.film,premium,72,24,8,,,
528006d2-97ce-4e29-aff0-18f47b1af431,services.finance,premium,72,24,8,,,
3ec06b62-2716-466b-baba-e8e1f7476016,services.financial,premium,72,24,8,,,
0a32afe6-6cc9-45af-a0f6-af530fe648b6,services.fish,premium,72,24,8,,,
464f800e-e59e-42b0-88bc-81440d4ce654,services.fishing,available,72,24,8,,,
766f256d-2486-4bee-b192-42f3bf6821b4,services.fit,premium,72,24,8,,,
3448667e-0bb7-41d9-97e9-a8d93f1f02e8,services.fitness,premium,72,24,8,,,
0aef71fd-fc18-481b-9c7d-c348b33966df,services.flights,premium,72,24,8,,,
78d9bdeb-fe2b-4531-8961-3aeba0763622,services.florist,available,72,24,8,,,
2c78c724-db1e-4d6f-b96d-72d5c8a43438,services.flowers,premium,72,24,8,,,
348e403d-051c-4538-ada0-9a601c96d491,services.foo,premium,72,24,8,,,
cd66ba08-f273-4be8-b972-4f0d8eda234b,services.food,premium,72,24,8,,,
6cf03c56-b355-4b01-8f0f-f47a5a39c9c0,services.football,available,72,24,8,,,
509cbad3-a349-43fb-9973-b0b7f15703bb,services.forum,premium,72,24,8,,,
c0f204e7-12d1-4b45-adfb-83bc2a098bb7,services.foundation,premium,72,24,8,,,
80f4e3d9-e578-4327-9f85-25b3d7f87f2e,services.free,premium,72,24,8,,,
70211880-3d84-4edb-82b7-4b53904210d5,services.fun,premium,72,24,8,,,
897669fa-8916-4bad-97ce-2a0db857bd98,services.fund,premium,72,24,8,,,
6427384d-2c7c-4061-a1f2-caabd466614b,services.furniture,available,72,24,8,,,
60d7b5ff-1318-4c73-8aca-7d7b322b73f2,services.futbol,available,72,24,8,,,
a825848a-9f53-493c-96e2-fd22c1a0b4b6,services.fyi,expiring,72,24,8,Porkbun LLC,21/12/2024 18:47,21/12/2025 18:47
1d2f68c3-b0ad-4569-9fb0-5ca21cc99b9d,services.game,premium,72,24,8,,,
e793c50f-e950-420e-8ef1-e9597999770f,services.games,resell,72,24,8,"DNSPod, Inc.",07/10/2023 15:15,07/10/2026 15:15
656168ea-687c-4354-9b72-5b2b7b08a2fe,services.garden,premium,72,24,8,,,
4126d0eb-9ae5-46c5-9576-d1e080b6749c,services.gay,available,72,24,8,,,
6d794ed3-0a19-4037-ab21-bb3dbfc39082,services.gift,available,72,24,8,,,
52275e86-57d5-48a9-ba5a-08f031d0ba3f,services.gifts,premium,72,24,8,,,
291efc8b-97c0-4622-b1a8-37a7ff535b06,services.gives,available,72,24,8,,,
88141780-3b7d-48ee-9cbf-043f538712f3,services.giving,available,72,24,8,,,
6a12ec40-99ed-443d-8d07-2faf46fc64d4,services.glass,available,72,24,8,,,
55571bd7-8035-49af-8ec3-07b52d4adf03,services.global,premium,72,24,8,,,
5a71ccd9-b2bf-4b5c-a71f-de0ab9c82e25,services.gold,premium,72,24,8,,,
1d8419d2-cafd-4919-8999-1cd2c775d2dc,services.graphics,premium,72,24,8,,,
02dc0cbb-7e94-41bc-872f-59a6e2617c13,services.gratis,premium,72,24,8,,,
c569e2e3-0581-47a8-b3e7-bcebe450ae15,services.gripe,premium,72,24,8,,,
fefa99b6-790f-4711-a499-e4e2dca8c5cd,services.guitars,available,72,24,8,,,
10d815f2-7ea8-4536-9d15-108cdc09aeee,services.guru,premium,72,24,8,,,
74181abd-d3f1-469b-8e17-3e78f927c5dd,services.hair,premium,72,24,8,,,
97814e16-5357-4ab9-8e7f-4b400cb831a1,services.haus,expired,72,24,8,"NameSilo, LLC",14/11/2024 19:57,14/11/2025 19:57
6c2e4058-2786-420f-8b5d-be766996642c,services.health,premium,72,24,8,,,
2db969b6-06f2-442d-b2c3-26e2b67a943f,services.hiphop,premium,72,24,8,,,
6d205cff-27bf-4d26-8bc8-a15ef646d3d5,services.hiv,premium,72,24,8,,,
f8ac5cf1-272d-486e-ae23-6c3f644b4c8b,services.hockey,available,72,24,8,,,
85a233f2-e141-4205-a6fa-56838d63f6a6,services.holdings,premium,72,24,8,,,
147d05a8-9d18-4567-b4f9-6f051fcfed5a,services.holiday,premium,72,24,8,,,
180c7bc0-0ce1-458a-bf43-ee8a95ac1fa1,services.homes,premium,72,24,8,,,
623fa720-54b9-4009-9acf-cb940c4d9e6b,services.horse,premium,72,24,8,,,
5dfac10a-b617-4cda-adc5-24b7893fba88,services.hospital,available,72,24,8,,,
a0d461cb-f74c-4290-a640-f6a7f9bad478,services.host,premium,72,24,8,,,
8d57a187-113e-4772-8734-fbfa2ffa1af0,services.hosting,available,72,24,8,,,
073483ff-a822-4616-b362-b2fa9fbba21d,services.hot,premium,72,24,8,,,
13f49478-b7bf-4066-9587-b69151ff3a29,services.house,resell,72,24,8,Virtualia LLC,17/05/2024 15:15,17/05/2026 15:15
6d3355e4-c520-41c1-8a06-b01133a27d5c,services.icu,premium,72,24,8,,,
e051394c-a27a-4a70-a0cb-9a1acde9fd1b,services.id,resell,72,24,8,PT Registrasi Nama Domain,16/05/2018 04:57,16/05/2026 23:59
38b09af8-259f-4925-8cbf-ca61874d548d,services.im,premium,72,24,8,,,
fd1238da-806b-4f00-bbde-76d82f0080f1,services.immobilien,available,72,24,8,,,
74b879ff-d989-4dd6-9e9b-c44c10a82031,services.industries,premium,72,24,8,,,
b1d1dd1b-d6d7-4f09-a7b8-25e4a71d1073,services.info,resell,72,24,8,Dot Holding Inc.,17/10/2022 13:15,17/10/2026 13:15
4260fddb-d534-41e6-9243-8bb4cb730165,services.ing,premium,72,24,8,,,
1c93a90c-cc19-430c-a65d-2e6ad4a29be9,services.ink,resell,72,24,8,"DNSPod, Inc.",07/01/2024 00:00,07/01/2027 00:00
9a485503-2175-4358-9b78-e628b4f2837e,services.institute,premium,72,24,8,,,
0d28480d-e348-47df-bcaf-3327d94e375e,services.international,resell,72,24,8,"Spaceship, Inc.",11/05/2023 15:15,11/05/2026 15:15
3689db0d-539f-4cac-b215-f8bfa9096830,services.investments,premium,72,24,8,,,
00503ed5-97fb-4898-85a4-6aeeb541d1c0,services.irish,available,72,24,8,,,
11331918-d1ff-4482-aa23-e144ad36cec7,services.it,expiring,72,24,8,,04/01/2002 00:00,12/12/2025 00:00
c5b31b7b-d1d0-4085-ab03-0f1022ed6154,services.jetzt,available,72,24,8,,,
6f8b1ba9-a486-4715-a582-39acf5f7a291,services.jewelry,available,72,24,8,,,
ede19cc5-9786-495b-bc4c-285e6bd2f5b4,services.juegos,available,72,24,8,,,
5a87d6b9-2592-4cf2-b218-bc5ee21d26a1,services.kaufen,available,72,24,8,,,
676ac680-f08f-434b-a1da-bf6258255754,services.kids,available,72,24,8,,,
f45f3df4-e862-4f96-8982-4d4881bf6d39,services.kim,premium,72,24,8,,,
b88434d8-0ab0-43a9-826b-069a93f7a077,services.kitchen,resell,72,24,8,"GoDaddy.com, LLC",24/02/2014 02:00,24/02/2026 02:00
107b7dc3-82e7-4a2c-b2eb-db69ee758289,services.la,resell,72,24,8,LA Domain Names,05/06/2023 08:45,05/06/2026 23:59
920dfcf2-02c9-4840-8c9a-8439b946d724,services.land,expiring,72,24,8,"NameSilo, LLC",03/01/2023 00:03,03/01/2026 00:03
a275ff99-d161-46e8-b8ed-8664f37ebff6,services.lawyer,premium,72,24,8,,,
cb3becda-87f4-456b-86cc-f3da48a74d34,services.lease,premium,72,24,8,,,
c17b2342-7b5c-4f76-aaec-e32f06b20bf4,services.legal,premium,72,24,8,,,
a0e14090-2cae-43e9-adaf-48fc24049457,services.lgbt,premium,72,24,8,,,
553fdc4d-8423-49ac-aa18-bb6ff0024910,services.life,resell,72,24,8,"DNSPod, Inc.",10/07/2024 15:15,10/07/2026 15:15
6e79a7c6-e2fe-4a49-9977-c338bdff2fa0,services.lifestyle,premium,72,24,8,,,
c0db8bae-6053-4932-b519-c1fb5e263fbc,services.limited,premium,72,24,8,,,
1df33447-5ac6-4c34-8ca2-da83577f3da2,services.link,premium,72,24,8,,,
f0352005-1d0c-4024-82e0-8a89d7ab40de,services.living,premium,72,24,8,,,
0798c981-2bad-4118-802e-d94af72a10f5,services.loan,premium,72,24,8,,,
113baf98-da9b-4ab0-b214-87222f8cbbbf,services.loans,available,72,24,8,,,
00c0cdbb-1087-4b6c-a1f1-dee512d3254b,services.locker,premium,72,24,8,,,
ac2cdb38-5d6b-43eb-a4dd-6fe3a5b9be69,services.love,premium,72,24,8,,,
7bf5b73f-865d-4f99-a91a-0cbac0996ed0,services.ltda,premium,72,24,8,,,
3c671cb1-cbab-44f3-a786-a1e38f51f3cc,services.luxury,premium,72,24,8,,,
0a0f55a7-079a-4041-8ca4-c2e2e3bb8468,services.makeup,premium,72,24,8,,,
64b64e7d-23e7-4e16-843c-73fde085fd0b,services.marketing,resell,72,24,8,Dynadot Inc,16/07/2025 17:00,16/07/2026 17:00
832c8112-2d67-463c-8aeb-329c70f83edb,services.mba,available,72,24,8,,,
8f272952-a3ed-4bed-9c94-95e5fa826841,services.me,resell,72,24,8,"GoDaddy.com, LLC",29/04/2008 18:02,29/04/2026 18:02
4b975c84-7418-4894-abb2-55e685a36833,services.melbourne,premium,72,24,8,,,
91ebcbb7-14b5-45b6-a6cd-7853258df354,services.meme,premium,72,24,8,,,
2df721bc-cca6-4715-b344-e0c7c3bbe713,services.memorial,available,72,24,8,,,
b000c665-cdd2-4b60-968b-42f7698dbc63,services.men,resell,72,24,8,"Spaceship, Inc.",01/03/2016 13:39,01/03/2026 13:39
702134f0-f25e-4bb0-9cfd-a278d747770b,services.menu,premium,72,24,8,,,
c0d91979-e30f-4503-b71e-ee5a986f6d87,services.miami,expiring,72,24,8,"GoDaddy.com, LLC",27/12/2021 21:29,27/12/2025 21:29
c4cdf736-cadb-4695-af19-99e23f7717e4,services.mobi,premium,72,24,8,,,
dffd3aaf-9194-42f4-ab0e-5760c35cdf21,services.moda,available,72,24,8,,,
315aaa55-e445-486c-a4ae-c207476ce3da,services.moe,premium,72,24,8,,,
a94e7122-5494-46b0-bfb6-8249e8fbac68,services.mom,premium,72,24,8,,,
b8902549-9cbe-4f1d-a621-8c42bac20b92,services.money,resell,72,24,8,"Spaceship, Inc.",07/07/2023 13:12,07/07/2026 13:12
7c42aa9c-5136-4581-84f0-0f5d491c2068,services.monster,premium,72,24,8,,,
ff9f924e-5b93-499e-8916-e5459e91b5e7,services.mortgage,premium,72,24,8,,,
3ee35e1f-b6cb-460d-aa36-dcadacb20778,services.motorcycles,premium,72,24,8,,,
e1177925-9515-46a9-ad5f-f811618fff23,services.mov,premium,72,24,8,,,
564e4a4c-33c5-468a-a0ec-30acb5c1f1ba,services.movie,available,72,24,8,,,
1f5286f7-19b8-44c7-9044-065dbec8051c,services.music,premium,72,24,8,,,
9c4cc991-f6b2-461e-8e60-01de1500f808,services.mx,available,72,24,8,,,
e47f767d-86d1-4102-8bde-9df0f2fa4a9d,services.network,premium,72,24,8,,,
85ff33f1-2880-4cd6-812f-d7dc27a68e4e,services.news,premium,72,24,8,,,
066eb3e6-58fe-4def-80c9-651875331a8f,services.ngo,premium,72,24,8,,,
8dfd08f6-01a4-49b0-a538-9c37e36a6b52,services.now,premium,72,24,8,,,
0fd76ce1-32db-4015-8d52-37e9547164cc,services.nyc,premium,72,24,8,,,
dcc04c94-be27-4fa5-8ec9-11b3f5ebfdf2,services.observer,premium,72,24,8,,,
c592b4c2-c56b-45e1-aea9-9d458c9fd96b,services.one,premium,72,24,8,,,
b9ed2654-c831-4c17-b431-f5b236201377,services.ong,premium,72,24,8,,,
2337ea68-b69d-4e1b-b102-43ee32f468ad,services.onl,premium,72,24,8,,,
3fe05864-07d9-4f83-b2b0-b45f83646628,services.online,premium,72,24,8,,,
57e1ac15-8ea5-47a9-ad68-3d502066d134,services.organic,available,72,24,8,,,
56ea035c-f93f-43f4-a89d-0658ca84b2c6,services.osaka,premium,72,24,8,,,
b27d4922-97f1-40fb-9f27-d343bfb9782f,services.page,premium,72,24,8,,,
e1047b86-0159-4a4c-a947-7ca86bb2f0af,services.partners,premium,72,24,8,,,
3d17df7b-ec89-4d3e-b3ef-663d7a4bd38c,services.parts,premium,72,24,8,,,
fd0ad9e6-7ad5-4ef6-b110-0066b42be416,services.party,premium,72,24,8,,,
c6e90f45-66a0-456a-89ad-0116222905a6,services.pet,premium,72,24,8,,,
c0b5699b-6e3f-46a5-b3a7-3696048ec625,services.phd,premium,72,24,8,,,
5748155e-9edb-49be-b181-deba28ced7bb,services.photo,premium,72,24,8,,,
42dcc9a3-fa5f-43ed-a4a6-9227adfb9813,services.photos,available,72,24,8,,,
a270f3c7-2b70-484c-b0bf-ed4e665be4a1,services.pictures,available,72,24,8,,,
00670fbb-9f2b-49d0-8976-ea4aa9658d65,services.pizza,premium,72,24,8,,,
c19d2ed8-eb1a-4a1d-a4fe-9bf38b459eef,services.place,premium,72,24,8,,,
7df433a0-23ce-477c-8f7c-d8f3cec81913,services.plumbing,premium,72,24,8,,,
927ded9d-cd53-4594-86e3-8265130359f2,services.poker,available,72,24,8,,,
9f4bfdeb-be04-4cb1-a904-40e0d021b2a7,services.porn,premium,72,24,8,,,
25ec1de9-c983-43f0-abb5-3e3daebc57b9,services.press,premium,72,24,8,,,
38fb37d8-91f2-4615-8f0f-2d0adaf4c63a,services.productions,premium,72,24,8,,,
48ddce31-1f47-40cb-a8ee-8206b42fd651,services.prof,premium,72,24,8,,,
bcdf22c4-454b-45e6-83a4-de65ec497623,services.promo,premium,72,24,8,,,
41fb0b34-1127-4e81-9dd2-5208ce5b47a8,services.properties,available,72,24,8,,,
3caaf038-3505-4b91-8a1b-e0829ac496b0,services.property,premium,72,24,8,,,
708616ec-2593-42a1-a59e-84f536f42316,services.protection,available,72,24,8,,,
a2d1a04b-429f-4e7b-ae24-896385aec29d,services.pub,resell,72,24,8,"DNSPod, Inc.",20/01/2020 16:30,20/01/2026 16:30
7559422d-9d31-478c-8d53-79fc50f6e956,services.pw,resell,72,24,8,"CHENGDU WEST DIMENSION DIGITAL TECHNOLOGY CO., LTD.",26/09/2021 08:18,26/09/2026 23:59
5eca5da3-c5f6-4cfd-8005-fda22468779c,services.qpon,available,72,24,8,,,
c92d5bbd-706c-4a62-a931-4a4358895a80,services.quest,premium,72,24,8,,,
42c90aa4-d323-4f1f-94a4-884926036dcc,services.racing,premium,72,24,8,,,
a4422535-0dc3-4c99-ab67-d299e74692b2,services.realty,premium,72,24,8,,,
e0ac2879-4e1a-43f8-87d9-4494fe06f33d,services.recipes,available,72,24,8,,,
06e61fd0-7b08-49f0-8cd0-6b4cefb50cfa,services.rehab,premium,72,24,8,,,
4719e970-899b-41e4-8458-1203663440da,services.reise,premium,72,24,8,,,
ce0d4a5e-8ee8-460a-8f96-4f75bba0655e,services.reisen,premium,72,24,8,,,
51a962ae-d866-45bb-9331-87f3f41ee016,services.rent,resell,72,24,8,Namecheap,24/03/2025 18:40,24/03/2026 23:59
fc993a05-7dbe-48e6-a0ec-fb4bbd091052,services.rentals,premium,72,24,8,,,
f3ab9a43-3d16-4188-90c2-fc85a3aa611c,services.report,premium,72,24,8,,,
c322758f-424a-4880-9efd-a21ab0e94120,services.republican,available,72,24,8,,,
01082959-7a74-4956-a2f0-68508da0640c,services.rest,premium,72,24,8,,,
fe12f30f-1e5e-47ce-a74d-184504ff6cf6,services.restaurant,available,72,24,8,,,
a4f45f20-c287-457b-b4f7-adb66b5f434e,services.review,premium,72,24,8,,,
f3e7fc0d-1c4e-4c5a-a2da-a97bc5caba31,services.reviews,premium,72,24,8,,,
e5ec8de9-f95e-4476-a7ba-b4a9f1f0fd3a,services.rich,available,72,24,8,,,
16e34d7b-2be7-49bc-8963-193a8ea60257,services.rip,available,72,24,8,,,
b4410301-089f-4f3c-b296-a718479518b6,services.rodeo,premium,72,24,8,,,
80fa8e6a-f558-421d-bae0-aaa75d30fa30,services.rsvp,premium,72,24,8,,,
f9da8f11-32af-4ee0-a67d-c56aa7613a91,services.run,resell,72,24,8,"DNSPod, Inc.",06/11/2019 09:12,06/11/2026 09:12
15ecaa1b-8000-43ec-bcad-e5ca80da1dc2,services.sale,premium,72,24,8,,,
895f4d85-b316-4256-8a57-96064300f7c0,services.salon,available,72,24,8,,,
1f6c2a99-260f-41ff-80a8-958fb429b2d2,services.sarl,available,72,24,8,,,
eadfcbb1-4e1a-42de-aa5a-addf771e0374,services.sbs,premium,72,24,8,,,
b983b2dc-099a-48fd-ab5f-a2b168a574cc,services.school,expiring,72,24,8,"GoDaddy.com, LLC",04/01/2021 18:31,04/01/2026 18:31
b773f469-10b1-4ff7-a47d-ff944378f42f,services.science,premium,72,24,8,,,
87ed6a2c-6b63-4bec-8201-c8b951574004,services.security,available,72,24,8,,,
c7cc118d-b4bc-4dc5-8f89-4a29db5754ca,services.sexy,available,72,24,8,,,
b111f7e1-1dd5-40b7-94b6-5c0c987288bd,services.shiksha,available,72,24,8,,,
5cdc9e0c-65b1-4dee-9f65-c466aee28830,services.shoes,premium,72,24,8,,,
dbbaee39-7422-4ccc-ab52-8c2614a0e328,services.shopping,premium,72,24,8,,,
c57a9b9b-c77e-4f63-972f-2f79df75c6aa,services.show,resell,72,24,8,"DNSPod, Inc.",10/06/2020 22:08,10/06/2026 22:08
1c48e4c2-d88d-40c4-b348-7fafab7c87d9,services.singles,available,72,24,8,,,
8b854c9a-c05e-4fc6-b080-761d5753cf41,services.site,premium,72,24,8,,,
4d63f3af-9edc-4dd0-89d1-6f4c7674e928,services.ski,premium,72,24,8,,,
15af7f26-1a6f-40f9-9903-de9a040e37b1,services.skin,premium,72,24,8,,,
3655d10e-5fcc-4a13-b5c3-60a65e8cca1a,services.soccer,available,72,24,8,,,
2b167ffc-3656-4145-ad6e-e9443a12bba4,services.software,premium,72,24,8,,,
a68de3b9-cf51-4e3e-96a8-e1a32f89cdc7,services.solar,resell,72,24,8,"Sav.com, LLC - 15",13/08/2025 15:15,13/08/2026 15:15
7e7ad1e7-4b7e-4507-a7c8-be4af5ad51a6,services.solutions,resell,72,24,8,"Spaceship, Inc.",10/05/2021 08:13,10/05/2026 08:13
c2ee0eec-91de-4883-80a3-60efd8ee5c68,services.soy,premium,72,24,8,,,
cc2b561f-1640-4620-b0ae-c235e5079085,services.space,premium,72,24,8,,,
a0a5ab1b-100c-4b4e-a327-33525c519862,services.spot,premium,72,24,8,,,
67621e8e-0fd4-4f38-9287-9bba31c14ae1,services.srl,available,72,24,8,,,
41e04ec8-5570-4c23-b7d0-d44c047351c0,services.storage,available,72,24,8,,,
224a0751-cdda-4221-a952-af441532c412,services.store,premium,72,24,8,,,
d908f22d-4233-4e6c-88fc-80ad118644fa,services.stream,premium,72,24,8,,,
c8472c42-9fed-4516-a32c-a370ddc9050b,services.study,premium,72,24,8,,,
c2ee3fa2-c611-4025-aaf9-8c2f499e9e38,services.style,premium,72,24,8,,,
fdd41f95-8409-472b-89f1-4071cddb9dbd,services.sucks,available,72,24,8,,,
eb2a0cb3-9f52-482a-a56e-d22fcbe0d052,services.supplies,premium,72,24,8,,,
a2fe8108-c1fa-4d4c-9d83-d9aae09de8e5,services.surf,premium,72,24,8,,,
e7a66cc9-3976-42fb-a1f8-42077355bc82,services.surgery,premium,72,24,8,,,
338ef27c-f638-4a58-b02b-85343863c6e6,services.sydney,premium,72,24,8,,,
11ea52fd-1caa-4007-9095-6d7140883e71,services.talk,premium,72,24,8,,,
5f150819-7072-4ba5-9893-f6f605bd3b9a,services.tattoo,available,72,24,8,,,
eee6b5a8-fa2f-412c-821f-103a459e617b,services.tax,resell,72,24,8,"DNSPod, Inc.",18/10/2021 13:15,18/10/2026 13:15
82565682-d00e-4c5d-9d30-73f6a1b056af,services.taxi,available,72,24,8,,,
e75868ea-a536-435c-a269-be3e87321d88,services.tech,premium,72,24,8,,,
171efff4-d0f4-4b79-b3a0-351a11c79e61,services.tel,resell,72,24,8,"Name.com, Inc.",25/05/2014 18:30,24/05/2026 23:59
6f962451-cce8-4072-893f-8d2fd02599f1,services.tennis,available,72,24,8,,,
d78b837f-b665-4a02-be3a-0c25b33399df,services.theater,available,72,24,8,,,
82ed544e-aafa-47d3-b76e-369839c9d6da,services.theatre,available,72,24,8,,,
2d77d6c0-af18-4965-9cec-31193e4f3ccf,services.tickets,available,72,24,8,,,
3a7a9655-f568-4964-86e4-b4a97055a3e1,services.tienda,available,72,24,8,,,
c2ca9e56-7ffe-4722-827a-4c7914657493,services.tips,premium,72,24,8,,,
bf8bc984-7029-4f0d-97cb-a18e33b9e006,services.tires,available,72,24,8,,,
91f1552b-9131-468d-8f60-371ff55b2dbb,services.tours,available,72,24,8,,,
c6b3c3d7-79a1-4900-82e7-7b85574e4485,services.town,available,72,24,8,,,
c2c036b0-8592-4309-8095-8bc8894eaf34,services.toys,available,72,24,8,,,
6608e06b-cad1-4213-afba-a08ee0d36eaf,services.trade,premium,72,24,8,,,
aa21af7b-95c4-4b85-aca9-09cad6e73bdf,services.tube,resell,72,24,8,"GoDaddy.com, LLC",10/04/2019 22:14,10/04/2026 22:14
18ce245d-0131-40ee-ad8f-51e33183645b,services.tv,premium,72,24,8,,,
ab8c1e7d-968b-4912-b04d-bec0d473dd90,services.uno,premium,72,24,8,,,
89de4592-bc47-4da5-a08a-8c0736364f88,services.vacations,premium,72,24,8,,,
7d4aa8f1-e4ce-4427-a5fb-37240643e25b,services.vana,available,72,24,8,,,
e65c2629-2635-4d87-8c84-379205a2ecc4,services.vc,resell,72,24,8,Dynadot Inc,17/08/2020 00:07,17/08/2026 00:07
d065bb8c-72a8-4a43-960e-4debe4973161,services.vegas,expiring,72,24,8,"GoDaddy.com, LLC",27/12/2021 21:29,27/12/2025 21:29
45261e83-c614-4f1c-b53c-dd7991c87ef0,services.ventures,available,72,24,8,,,
8ff46a06-9946-4d44-8c29-abfb3da811d5,services.vet,premium,72,24,8,,,
11490c5a-175b-4e3f-a16e-ab5ccda75a47,services.viajes,available,72,24,8,,,
a7885100-c3de-449f-b28b-d81aa1a4ec31,services.video,premium,72,24,8,,,
12612881-9b0c-4fad-951c-ae88ef52d691,services.villas,premium,72,24,8,,,
bc771cca-4e78-4be9-8e13-2d814f85e01e,services.vin,expiring,72,24,8,Dynadot Inc,06/01/2023 21:10,06/01/2026 21:10
d47e7f80-d717-44ff-a426-d4dea6bc002d,services.vip,premium,72,24,8,,,
86744e32-b379-4139-a6e7-943be3e82e84,services.vodka,available,72,24,8,,,
3a76b852-b4f4-4b91-90e7-1abde1b0d2c2,services.vote,available,72,24,8,,,
e08216fb-8bf9-49d9-ad4f-57706217c771,services.voting,available,72,24,8,,,
519044e8-8575-4812-ad04-11e516f4b131,services.voto,available,72,24,8,,,
0c69fca4-646c-4935-9145-314624186752,services.voyage,premium,72,24,8,,,
82a57bb5-fe09-4b7c-bf44-795b0132c8b8,services.watch,premium,72,24,8,,,
3a8a03de-d911-4992-bb97-18876d439e73,services.webcam,premium,72,24,8,,,
b3f9f207-c9f3-4ec5-8fe5-bb63e0f275a4,services.website,premium,72,24,8,,,
ba333434-1c86-4256-8555-d31eb81ff843,services.wedding,premium,72,24,8,,,
2558d488-7617-4172-82e9-cb5dcf9598e1,services.wiki,resell,72,24,8,"DNSPod, Inc.",27/06/2022 00:00,27/06/2026 00:00
db09912a-d3b9-4eb1-9998-84d91ba4223d,services.win,premium,72,24,8,,,
0ae88c32-d9e6-45f0-bd4f-7831c7dbfbaf,services.wine,available,72,24,8,,,
a5e582cf-2b61-484f-a00f-f4855cbd1fb3,services.work,premium,72,24,8,,,
e900bffa-5ecd-4a9e-90a3-ae410580b9e0,services.works,premium,72,24,8,,,
c0dfb676-0fd7-496a-8bdb-7abf882f6c7a,services.wtf,premium,72,24,8,,,
276b49f8-d77d-4d96-ad22-9020616a0fa0,services.xyz,resell,72,24,8,"Spaceship, Inc.",16/11/2021 04:14,16/11/2026 23:59
220870a0-7dc4-495b-92e7-e518ea5ed8c0,services.yachts,premium,72,24,8,,,
574eb8e1-13c6-4089-870c-7686ebd97c0e,services.yoga,available,72,24,8,,,
53e05ad9-e12a-4de7-8d46-f0602468093e,services.you,premium,72,24,8,,,
c4445b4f-e4cc-4759-bfb2-3325b4f493e8,services.zip,premium,72,24,8,,,
c8b82e69-2f69-440e-abff-c44b69e17f02,services.zone,resell,72,24,8,"DNSPod, Inc.",18/08/2020 03:13,18/08/2026 03:13
46b1e28c-0971-42de-b9b5-148a849170de,services.academy,resell,72,24,8,Dynadot Inc,06/07/2025 17:00,06/07/2026 17:00
d819149a-6c1b-41f2-a6f7-e1c6eb8d684a,services.accountant,premium,72,24,8,,,
3ded9c07-6a8f-4b3d-9e3c-6e914f8ab173,services.accountants,premium,72,24,8,,,
60f34592-b652-46d0-9859-b5e76bf0bfa3,services.actor,available,72,24,8,,,
ee606920-aec6-4d99-87d9-cdd6fdae5847,services.adult,premium,72,24,8,,,
74117298-dcdc-40c3-893c-3ec02479b739,services.ag,available,72,24,8,,,
37c77036-717d-4f84-8173-ec8fe7d9b22a,services.airforce,available,72,24,8,,,
a19bf9bf-695e-4376-9130-00c022eb5124,services.apartments,available,72,24,8,,,
b8f41b5c-bb74-4618-9098-d81ec0ae73a3,services.army,available,72,24,8,,,
2f5327ef-395b-41c6-a3a4-2bbe7da9de72,services.asia,resell,72,24,8,"GoDaddy.com, LLC",04/07/2008 07:05,04/07/2026 07:05
7896e28b-f33a-429d-9610-64c56f6242a9,services.associates,premium,72,24,8,,,
34062282-5b12-4094-ba82-018dedb958bc,services.at,premium,72,24,8,,,
fe11b160-51be-48bd-9dcb-4bfe7c312f93,services.attorney,premium,72,24,8,,,
1692432a-ebe7-48d0-8e55-bd324dc38f87,services.auction,premium,72,24,8,,,
5badaf19-5d49-4152-b099-30db1afb73c8,services.audio,premium,72,24,8,,,
a17cfe93-3dfa-4bc2-82b1-f845949cea43,services.auto,available,72,24,8,,,
4420efb6-947c-4f23-88a9-3ec910ec3f06,services.autos,premium,72,24,8,,,
cf4ca5a3-e062-4c8d-bebd-2537c20f3c6f,services.baby,premium,72,24,8,,,
f0505b83-995f-4a4f-bd4b-017c0a1d2e18,services.band,available,72,24,8,,,
877dc392-318e-40a8-9061-7c8ef8fc1b77,services.bar,premium,72,24,8,,,
69b05676-699c-4e68-9239-d28348d089c8,services.bargains,premium,72,24,8,,,
a8edda00-e6fd-4f4c-b644-ad2845ca84f9,services.bayern,available,72,24,8,,,
8fc60820-843c-4c9e-8775-c110351f70ca,services.beauty,premium,72,24,8,,,
6a64be33-85b7-498e-a5e6-7ee36b94981a,services.beer,available,72,24,8,,,
48e4e3cd-dcce-4e3f-8032-514218d9ef63,services.berlin,premium,72,24,8,,,
220c79d4-0141-4786-a3dd-6a8c0cb315e4,services.best,resell,72,24,8,"Sav.com, LLC",21/09/2025 13:30,21/09/2026 23:59
6765d38d-cf7d-4674-9a54-0f9902aa70f1,services.bid,premium,72,24,8,,,
bc00e10f-8cf9-47e3-9a84-c371e5905557,services.bike,available,72,24,8,,,
27b47b0d-6474-476e-9172-e40809a5cb55,services.bingo,available,72,24,8,,,
06d5177f-6d6a-4bbe-a633-2397187da33a,services.bio,resell,72,24,8,"Sav.com, LLC - 42",20/09/2025 15:15,20/09/2026 15:15
44b8733f-a84f-410b-8c06-a5ce2716518d,services.biz,expired,72,24,8,"Registry Services, LLC",30/09/2001 19:16,06/11/2025 23:59
f0d930d7-d244-4d9a-bc23-852d2eaef636,carbonoffsetting.ai,premium,66,68,17,,,
0fd66bd7-5347-44a8-82a0-a697d28555ac,carbonoffsetting.app,available,66,68,17,,,
8ed16590-d557-410d-8285-620036267b94,carbonoffsetting.at,available,66,68,17,,,
6200dc9b-50f7-40cb-be96-4777895d9fbd,carbonoffsetting.cloud,available,66,68,17,,,
2b0d83f5-6310-4d34-8ec0-e9df6c8a3b98,carbonoffsetting.co,available,66,68,17,,,
bb454eae-a141-4623-bead-078fc0cfeaa3,carbonoffsetting.com,resell,66,68,17,"NameCheap, Inc.",05/04/2006 15:58,05/04/2026 15:58
d9be1e1e-05c4-4cfc-bee3-0ff7ffbec318,carbonoffsetting.dev,available,66,68,17,,,
7e32afc5-b0a0-475f-928a-ba221def4b1a,carbonoffsetting.expert,available,66,68,17,,,
b1e20c27-ef21-4f66-8309-3fb86b53823a,carbonoffsetting.gg,available,66,68,17,,,
cc593d2b-fc7a-4958-9a75-606a2c69134b,carbonoffsetting.io,available,66,68,17,,,
27b31c5a-e008-4b67-a21e-43227df38cc0,carbonoffsetting.it,expired,66,68,17,,,
faa10d7a-7ba4-4d82-95f0-9b291ea27edf,carbonoffsetting.me,available,66,68,17,,,
c167b93d-3a5b-41d7-9016-df81f4e96930,carbonoffsetting.net,resell,66,68,17,"NameCheap, Inc.",01/11/2006 22:31,01/11/2025 21:31
41ba59f9-24bc-4f34-8ea5-79d0bcd278cd,carbonoffsetting.ninja,available,66,68,17,,,
2a04b53d-a235-49ed-b4e6-7c60a568b1b0,carbonoffsetting.online,available,66,68,17,,,
2b65d04c-ed9b-4881-92e6-1767f0080ce3,carbonoffsetting.org,resell,66,68,17,InterNetX GmbH,17/10/2019 08:19,17/10/2025 08:19
d5fc8a2a-d2ae-459b-aa2f-a1fb70e79990,carbonoffsetting.pro,available,66,68,17,,,
fe58c836-a27b-450f-8ec3-a4ce52a22c91,carbonoffsetting.site,available,66,68,17,,,
0471f557-7002-406b-bda2-83ba89638815,carbonoffsetting.so,available,66,68,17,,,
1b4b3502-ea74-4844-9cf5-27eb90fe44b7,carbonoffsetting.space,available,66,68,17,,,
13bd6cc8-eb23-443a-a214-9f2cb585b421,carbonoffsetting.tech,available,66,68,17,,,
077955bf-abd6-48bc-a26e-2f04eb0b9023,carbonoffsetting.us,available,66,68,17,,,
3855dfa9-ac9e-464e-ad8b-d1453098cec2,carbonoffsetting.xyz,available,66,68,17,,,
9f886b8f-d4da-41f5-a033-d1dc625218e7,carbonoffsetting.zone,available,66,68,17,,,
1ab8a246-cb7e-4de4-a93a-fc837c3da2d8,consulting.date,available,72,28,10,,,
c6575026-62a6-4e01-9f13-1d9fd1662d61,consulting.dating,available,72,28,10,,,
7c148055-b017-4616-b5b3-99a5a6ac8e4e,consulting.day,available,72,28,10,,,
831b1e08-b44c-4844-a368-ea5b5b8edb0d,consulting.de,sold,72,28,10,,,
7caaba50-97f4-469b-95f4-d3f856a18726,consulting.deal,available,72,28,10,,,
cd24700c-9368-49e2-abb4-0941db31ebbd,consulting.dealer,available,72,28,10,,,
0a299596-711e-4f3f-9ec8-e56b2165d3fe,consulting.deals,available,72,28,10,,,
e0f7b0c9-2b91-42c5-afa0-667f42ae5f41,consulting.degree,available,72,28,10,,,
5ba67f90-d8cb-4019-8fe5-6309586aa524,consulting.democrat,available,72,28,10,,,
ec25e706-405c-446d-a152-7017ee1b75af,consulting.dental,available,72,28,10,,,
f83c8e63-7e32-489a-9fab-eb56228aea48,consulting.dentist,available,72,28,10,,,
6e67533d-7326-49a0-b25b-3ea7d037da8b,consulting.design,available,72,28,10,,,
0cf65c50-eebe-4d58-bbcf-fba3437560e9,consulting.diamonds,available,72,28,10,,,
6bcce4cc-33b7-4e72-99aa-37e3d019f1f9,consulting.diet,available,72,28,10,,,
886c92b3-e20d-43cf-8e6c-61218fc0ba2e,consulting.digital,resell,72,28,10,Porkbun LLC,12/05/2025 20:45,12/05/2026 20:45
ba769426-a2fe-4d6e-b398-05a32d8d9217,consulting.discount,available,72,28,10,,,
2f86f054-6a00-410e-a4af-f6bc54d79358,consulting.diy,premium,72,28,10,,,
7f2177c6-9e89-4996-a309-40f308929b02,consulting.doctor,available,72,28,10,,,
c9344399-a0c4-4f81-a040-637f0a85baa0,consulting.dog,available,72,28,10,,,
a8e8eb55-21a8-4021-a725-987669ba7b78,consulting.download,premium,72,28,10,,,
307f2c4e-7836-4e09-a3e7-ea11442d06ae,consulting.earth,premium,72,28,10,,,
535ee236-6b07-4ca9-814e-ae68b34baaf1,consulting.education,resell,72,28,10,Dynadot Inc,07/06/2025 17:00,07/06/2026 17:00
c2af9d17-ac22-4ee2-8a35-9bfbf32f396d,consulting.energy,resell,72,28,10,"GoDaddy.com, LLC",01/04/2015 04:15,01/04/2026 04:15
8feae4f4-f538-44ed-8c56-206a859fa0f4,consulting.engineer,premium,72,28,10,,,
40bcf447-cc9a-4ffd-9857-119f02c98dd0,consulting.engineering,premium,72,28,10,,,
a9eece50-23a0-4ecf-ba29-2196b7999f8d,consulting.enterprises,expiring,72,28,10,"GoDaddy.com, LLC",07/01/2023 01:33,07/01/2026 01:33
52fd8aa8-0721-4ba0-8c7e-4cf673a744d3,consulting.equipment,available,72,28,10,,,
7c78a4ee-3be6-46be-a277-cb78e8ec3acd,consulting.events,premium,72,28,10,,,
70026307-2390-4c9f-b808-1355c4e2fe1a,consulting.exchange,premium,72,28,10,,,
206389f2-7fb8-46e7-aebf-36ca8f62d1d7,consulting.expert,premium,72,28,10,,,
bf2cf9a3-9464-4a1e-ad8c-eaffd896a263,consulting.exposed,premium,72,28,10,,,
e26a7a99-1c46-4e8e-9835-975932a9c736,consulting.fail,premium,72,28,10,,,
881c55e9-2a26-43e1-bd3e-a19a476f1d02,consulting.faith,premium,72,28,10,,,
acecfc07-753f-4675-ade7-76943abcfcf4,consulting.family,premium,72,28,10,,,
1a6eba71-f79f-44e3-8573-14c283541b31,consulting.fan,premium,72,28,10,,,
aa9f39fb-0c9e-4e34-ab82-22eb1caa5e25,consulting.fans,premium,72,28,10,,,
433bb5ef-e746-42bd-a481-425f4674c9c7,consulting.fashion,resell,72,28,10,Porkbun,12/03/2025 10:54,12/03/2026 10:54
c01e264a-c5c6-4355-94ed-16d56058e21a,consulting.fast,premium,72,28,10,,,
e7c9dea0-5544-4191-a097-2d3a12599d2e,consulting.finance,resell,72,28,10,"Sav.com, LLC",24/11/2020 09:27,24/11/2026 09:27
608c2824-7276-4c04-8ab0-51b30b8abf09,consulting.financial,premium,72,28,10,,,
079eae41-832f-4b7e-9f27-a500fed45caf,consulting.fish,premium,72,28,10,,,
841824c3-f750-4453-b85b-60d79f2d4f77,consulting.fishing,available,72,28,10,,,
07d0e0c1-3bff-4404-88e4-af69696b388e,consulting.fit,premium,72,28,10,,,
9a9909d2-4f0b-4c2f-9c0b-1db623e3c848,consulting.flights,premium,72,28,10,,,
513e3269-4759-4031-ae21-1617bb1ed7a4,consulting.florist,available,72,28,10,,,
4ca6d017-83ab-4aca-97a5-83ae9d16c371,consulting.flowers,available,72,28,10,,,
b6dc3572-30c0-478d-a912-c3e6905b834e,consulting.foo,premium,72,28,10,,,
75943776-9475-4906-98aa-fa84ce036ac8,consulting.food,premium,72,28,10,,,
8ea2b2b6-eb68-4986-b8f7-c0a4c1c326a4,consulting.forsale,premium,72,28,10,,,
c1d9f3ce-76b3-4fcb-b899-a913fe252544,consulting.foundation,premium,72,28,10,,,
322b4597-176c-43e8-9630-496d011cb963,consulting.free,premium,72,28,10,,,
c0a441b9-f76c-4d0c-b631-7cce4594bd46,consulting.fund,premium,72,28,10,,,
937ab005-fbc8-4d36-8917-07ac163f39a3,consulting.furniture,available,72,28,10,,,
e984d36d-0cbe-4294-899e-4e6ea1999c38,consulting.futbol,available,72,28,10,,,
301bdcdf-85db-4ec9-bd58-694c3a6b8c4e,consulting.gallery,premium,72,28,10,,,
5ad53c10-dccf-490a-b075-060189a781ea,consulting.game,available,72,28,10,,,
a0bd2309-eb2e-46a7-8939-d7364b05322f,consulting.garden,available,72,28,10,,,
f4582d06-fa6e-4141-8f80-98985aa30b76,consulting.gg,resell,72,28,10,"NameCheap, Inc (https://www.namecheap.com)",,
2d553514-0456-4fea-8ec7-a64589d8324c,consulting.gift,available,72,28,10,,,
19e56d0c-075b-45e9-953a-079786f200e0,consulting.gifts,premium,72,28,10,,,
c3f54907-c879-4958-a804-58f76d880798,consulting.gives,available,72,28,10,,,
13f4498c-71cd-4f46-b1d1-8448cae278d8,consulting.giving,available,72,28,10,,,
5db3d3ed-c86b-43f5-bfb5-8247d4d4a545,consulting.glass,available,72,28,10,,,
9e63ae93-b524-4acd-aaa5-c70f227b71f8,consulting.gold,resell,72,28,10,"DNSPod, Inc.",27/06/2018 16:18,27/06/2026 16:18
b9e19086-e309-47e5-98d8-c96d4de0ceeb,consulting.graphics,premium,72,28,10,,,
7c81e68d-3f36-4bd8-9242-861c764ce705,consulting.gratis,premium,72,28,10,,,
6cb96752-c129-4f5e-9efa-bc8a00e7443a,consulting.green,premium,72,28,10,,,
6b4d1faf-c526-432f-8a01-2149c91400d0,consulting.gripe,premium,72,28,10,,,
ad041170-a834-43fc-ad9f-cb4151200e6e,consulting.guitars,available,72,28,10,,,
e3b260ce-ce25-4d55-b2c5-0ebc537dba4c,consulting.guru,resell,72,28,10,"Chengdu West Dimension Digital Technology Co., Ltd.",22/04/2017 22:08,22/04/2026 22:08
79c9df0a-01e2-4272-90be-1a83fde6609b,consulting.hair,available,72,28,10,,,
45271f21-6cb4-47d7-9814-2bf6bac74ff0,consulting.health,premium,72,28,10,,,
7ffca343-de7f-4f6b-8ae2-29dc1be006bf,consulting.hiphop,available,72,28,10,,,
9c2e9369-133a-4c9f-9c15-eaa202af71c9,consulting.hiv,available,72,28,10,,,
7b7aeb89-3bd8-4015-9585-5860c15ac298,consulting.hockey,available,72,28,10,,,
9e0ccc0c-8567-4b1c-82aa-a8e59b83bf4b,consulting.holdings,available,72,28,10,,,
e0ce982a-2bcd-4bbf-8edc-2005a5d25051,consulting.holiday,premium,72,28,10,,,
c1f549db-2349-4c99-b426-824e3fcb40cd,consulting.homes,premium,72,28,10,,,
062b45cc-a912-4e04-8782-462e8b7faa65,consulting.hospital,available,72,28,10,,,
9f2d1f58-8509-44c8-a892-a76fff580bf3,consulting.host,premium,72,28,10,,,
341c3ad4-7d3b-421e-8997-ae2c1799306c,consulting.hosting,available,72,28,10,,,
11618e66-8a08-4fd8-b820-12700f3e8bc0,consulting.hot,premium,72,28,10,,,
b77a3473-0f45-4a62-9699-61d03c0a8a23,consulting.how,premium,72,28,10,,,
b1d074f6-8bc3-42ac-b91a-58428bedd2e0,consulting.icu,premium,72,28,10,,,
01e4dddd-8749-482f-bf6c-230650d638d4,consulting.im,premium,72,28,10,,,
a6d215c6-f0a4-4329-aba5-b15f535966b4,consulting.immobilien,expiring,72,28,10,IONOS SE,07/01/2022 16:27,07/01/2026 16:27
3af556db-d737-49cf-a7a8-ac215c787946,consulting.industries,premium,72,28,10,,,
35154744-cf0f-45ae-a902-4150c194ec2a,consulting.info,resell,72,28,10,"Spaceship, Inc.",25/07/2001 19:04,25/07/2026 19:04
b2332c96-77ec-4030-a801-3982cd9e4111,consulting.ing,premium,72,28,10,,,
88296b8b-0d6d-4a96-93b4-a87b16f1a269,consulting.insure,available,72,28,10,,,
4cba6b86-8446-4ce2-bbfe-9725f5cbee91,consulting.investments,premium,72,28,10,,,
8fe92a99-e4ad-4987-8eab-0cd02d0cf4f9,consulting.io,resell,72,28,10,Dynadot11 LLC,08/12/2018 10:18,08/12/2026 10:18
d3538e7b-8ffc-4873-b57a-aa0cb6ed06ef,consulting.irish,available,72,28,10,,,
20416499-f44e-410c-a439-93c80b4b5fc3,consulting.it,expiring,72,28,10,,13/07/1998 00:00,05/01/2026 00:00
99284e5a-8556-42f8-a9f7-b30ba341e296,consulting.jetzt,available,72,28,10,,,
8fab980e-6ba4-40db-b494-bdeeb0b0b940,consulting.jewelry,available,72,28,10,,,
8ff02b07-9d82-46c6-8b2f-141627433113,consulting.juegos,available,72,28,10,,,
57dbc100-4f3a-40db-81a6-e2ca62b6a84c,consulting.kids,available,72,28,10,,,
0e30efa8-b552-4abc-9786-baec72f7a399,consulting.kitchen,premium,72,28,10,,,
c2c332e8-1c8e-4734-8d2e-1afb69d25081,consulting.lat,expired,72,28,10,"Spaceship, Inc.",08/10/2024 08:27,08/10/2025 23:59
f894b35a-9748-4857-b0dc-50f4245adf0e,consulting.lawyer,premium,72,28,10,,,
7fe74bec-7515-45e6-bd3c-e00fc05dbc12,consulting.lease,premium,72,28,10,,,
b5d16f40-fa73-4754-9747-39f1b5a36ee4,consulting.lifestyle,premium,72,28,10,,,
485cf8b6-7f33-47e7-958d-c9765e966c9e,consulting.lighting,resell,72,28,10,"GoDaddy.com, LLC",24/03/2020 18:32,24/03/2026 18:32
a321cd36-73a0-46da-82d6-a3e9bdd3cef0,consulting.limited,premium,72,28,10,,,
20a8c9d0-27fe-478f-bcf3-df76d9febab5,consulting.limo,available,72,28,10,,,
5a284fde-67e8-439c-a6e7-bc39df398326,consulting.link,premium,72,28,10,,,
ed83097b-b570-4d02-81af-63ff020602b5,consulting.living,premium,72,28,10,,,
0dbb1ae0-a67a-4499-8ffe-8991c5e3f293,consulting.llc,premium,72,28,10,,,
0d86a541-3e7b-4c83-bf81-b9cae0bcce32,consulting.loan,premium,72,28,10,,,
9e6e9772-ac65-4918-9e61-6750dbedf952,consulting.locker,premium,72,28,10,,,
30a12d5f-0fa7-4cf1-ba2a-4060b4fc76cf,consulting.lol,expiring,72,28,10,"Spaceship, Inc.",26/12/2024 13:24,26/12/2025 23:59
11f2ebd3-2e7a-4e60-91b5-722be9993f02,consulting.london,resell,72,28,10,"Global Domains International, Inc.",28/08/2015 13:35,28/08/2026 23:59
645507db-d9d9-4364-82e9-50bb673fca2d,consulting.love,premium,72,28,10,,,
1d51007e-b4dc-4ec3-86bb-eb631a838105,consulting.ltda,premium,72,28,10,,,
849b6610-7e33-4bc1-a935-ab3a7bd385ea,consulting.luxe,available,72,28,10,,,
a38653dc-7194-46d5-b31f-8d53968d9152,consulting.maison,available,72,28,10,,,
97e35cac-f20a-411c-9540-37e03cb64997,consulting.market,premium,72,28,10,,,
963c4aef-4719-49cf-9338-14fa33ef3cd4,consulting.marketing,premium,72,28,10,,,
ed1426e6-577b-4462-90a9-3221a0cd9e70,consulting.me,premium,72,28,10,,,
7a8585fd-52e2-488f-9f86-dbd9e48afe6b,consulting.melbourne,expired,72,28,10,"GoDaddy.com, LLC",27/09/2024 11:47,27/09/2025 11:47
a91dc990-9e02-4efc-9e6a-52d0a3ce0c3f,consulting.meme,premium,72,28,10,,,
eccd1b00-ce0d-45b1-83ee-98f553de2e8a,consulting.memorial,available,72,28,10,,,
d9dfc05b-0e5a-4814-a148-eb34ffd10909,consulting.men,premium,72,28,10,,,
6ef66c75-f817-45a6-9555-4efa141fb5f6,consulting.menu,premium,72,28,10,,,
d7fa7ff7-b21c-426b-a752-45586539e6d3,consulting.mobi,premium,72,28,10,,,
d6929401-63a9-4654-b89d-d40ccb86ba05,consulting.moe,premium,72,28,10,,,
b1df521d-07d2-4607-b219-7008c130be0a,consulting.money,premium,72,28,10,,,
6e30c945-60bd-4d20-8ae0-d83cc3feeb88,consulting.monster,resell,72,28,10,"Spaceship, Inc.",28/11/2025 07:38,28/11/2026 23:59
261cfa38-bcc3-4573-8f82-e104180f0651,consulting.mortgage,premium,72,28,10,,,
642e4fca-af66-47d1-b308-611728810331,consulting.motorcycles,available,72,28,10,,,
32f8626b-5830-4148-8902-f87000a57510,consulting.mov,premium,72,28,10,,,
5de9d0f2-3a79-4410-a972-ca1c13cad5c2,consulting.movie,available,72,28,10,,,
69efc1b7-1087-4d53-9b80-90aeb12d3d68,consulting.music,premium,72,28,10,,,
ae368a2b-fc55-4cf2-83f6-d06a8b592d19,consulting.navy,available,72,28,10,,,
4e805e40-251b-4f63-b34f-ec705f7c0bc7,consulting.network,resell,72,28,10,Porkbun LLC,23/02/2019 22:10,23/02/2026 22:10
3a834400-489b-4dcd-a877-18d0c43cd7e4,consulting.news,premium,72,28,10,,,
cb1ccced-d8f1-4162-86d3-fe7478e59693,consulting.nexus,premium,72,28,10,,,
31944338-4f31-4094-9b4e-3a63bd0c9b03,consulting.ngo,premium,72,28,10,,,
4de0471d-6a59-4bff-8ab9-2ca917617511,consulting.nyc,premium,72,28,10,,,
eb4e7ebc-db4b-4563-a34c-9025ef0012ae,consulting.observer,premium,72,28,10,,,
c4841a53-a24b-469a-94ed-9ca8fe0d0dff,consulting.one,premium,72,28,10,,,
dd40e792-baf0-4348-a48c-bb833a397d80,consulting.ong,premium,72,28,10,,,
a1ef1904-7f36-4afd-a1d3-7fb30fe6a2ab,consulting.onl,premium,72,28,10,,,
0e778dac-b547-4c65-96d4-d4ed7e50031d,consulting.online,premium,72,28,10,,,
eafe8a8a-483a-4567-a42f-fce9427ce3c7,consulting.ooo,available,72,28,10,,,
d58891fb-f8b6-4ff4-8254-94526acf5792,consulting.organic,available,72,28,10,,,
30d70806-e522-426e-82ef-1fe4133f5e74,consulting.osaka,premium,72,28,10,,,
91c4d836-307c-48f8-b19b-57920f1547ac,consulting.page,premium,72,28,10,,,
718cba9b-7811-45ef-9ab1-713a4484732c,consulting.parts,premium,72,28,10,,,
d1d64420-83f9-4d19-b7c5-0c35876d5def,consulting.party,premium,72,28,10,,,
e1fedf76-443a-4f75-a0d8-740c1a59ff33,consulting.phd,premium,72,28,10,,,
69203033-3a25-460b-acad-5a2ecbda718c,consulting.photo,available,72,28,10,,,
f8b3dfa6-3b07-4a64-b48d-0c60da383bd8,consulting.photography,available,72,28,10,,,
ed7244e9-4442-46d1-ab86-4f5fa4752d38,consulting.photos,available,72,28,10,,,
cb9adac5-e35c-434e-9cee-331de3f20e50,consulting.pics,resell,72,28,10,Dynadot LLC,24/07/2025 01:16,24/07/2026 23:59
687d7402-8c40-4bae-8811-09cab2216a85,consulting.pictures,available,72,28,10,,,
9ec45f48-153b-45bb-9003-891724900514,consulting.pink,resell,72,28,10,"Sav.com, LLC - 27",11/02/2025 15:15,11/02/2026 15:15
a27cd471-32e3-4b83-bf28-28b17f2c7543,consulting.place,premium,72,28,10,,,
eb31355d-3ed8-44b3-8ed3-f95e16f35048,consulting.plumbing,available,72,28,10,,,